tanggal,komoditi,satuan,harga
2018-08-01,Beras Medium,Kg,10800
2018-08-02,Beras Medium,Kg,10900
2018-08-03,Beras Medium,Kg,10550
2018-08-06,Beras Medium,Kg,10600
2018-08-07,Beras Medium,Kg,10600
2018-08-08,Beras Medium,Kg,10840
2018-08-09,Beras Medium,Kg,10840
2018-08-10,Beras Medium,Kg,10890
2018-08-13,Beras Medium,Kg,10890
2018-08-14,Beras Medium,Kg,10990
2018-08-15,Beras Medium,Kg,10550
2018-08-16,Beras Medium,Kg,10540
2018-08-20,Beras Medium,Kg,10675
2018-08-21,Beras Medium,Kg,10640
2018-08-22,Beras Medium,Kg,10590
2018-08-23,Beras Medium,Kg,10640
2018-08-27,Beras Medium,Kg,10540
2018-08-28,Beras Medium,Kg,10540
2018-08-29,Beras Medium,Kg,10840
2018-08-30,Beras Medium,Kg,10840
2018-08-31,Beras Medium,Kg,10640
2018-08-01,Beras Premium,Kg,12550
2018-08-02,Beras Premium,Kg,12675
2018-08-03,Beras Premium,Kg,12550
2018-08-06,Beras Premium,Kg,12675
2018-08-07,Beras Premium,Kg,12925
2018-08-08,Beras Premium,Kg,12575
2018-08-09,Beras Premium,Kg,12575
2018-08-10,Beras Premium,Kg,12575
2018-08-13,Beras Premium,Kg,12638
2018-08-14,Beras Premium,Kg,12638
2018-08-15,Beras Premium,Kg,12700
2018-08-16,Beras Premium,Kg,12267
2018-08-20,Beras Premium,Kg,12825
2018-08-21,Beras Premium,Kg,12700
2018-08-22,Beras Premium,Kg,12825
2018-08-23,Beras Premium,Kg,12700
2018-08-27,Beras Premium,Kg,12825
2018-08-28,Beras Premium,Kg,12575
2018-08-29,Beras Premium,Kg,12575
2018-08-30,Beras Premium,Kg,12825
2018-08-31,Beras Premium,Kg,12800
2018-08-01,Gula Pasir,Kg,13300
2018-08-02,Gula Pasir,Kg,13100
2018-08-03,Gula Pasir,Kg,12900
2018-08-06,Gula Pasir,Kg,12950
2018-08-07,Gula Pasir,Kg,12950
2018-08-08,Gula Pasir,Kg,12810
2018-08-09,Gula Pasir,Kg,12610
2018-08-10,Gula Pasir,Kg,12560
2018-08-13,Gula Pasir,Kg,12610
2018-08-14,Gula Pasir,Kg,13010
2018-08-15,Gula Pasir,Kg,12960
2018-08-16,Gula Pasir,Kg,13010
2018-08-20,Gula Pasir,Kg,12700
2018-08-21,Gula Pasir,Kg,12860
2018-08-22,Gula Pasir,Kg,12810
2018-08-23,Gula Pasir,Kg,12960
2018-08-27,Gula Pasir,Kg,12810
2018-08-28,Gula Pasir,Kg,12860
2018-08-29,Gula Pasir,Kg,12560
2018-08-30,Gula Pasir,Kg,12560
2018-08-31,Gula Pasir,Kg,12910
2018-08-01,Minyak Goreng Bimoli Botol,Liter,13600
2018-08-02,Minyak Goreng Bimoli Botol,Liter,13600
2018-08-03,Minyak Goreng Bimoli Botol,Liter,13100
2018-08-06,Minyak Goreng Bimoli Botol,Liter,13100
2018-08-07,Minyak Goreng Bimoli Botol,Liter,13500
2018-08-08,Minyak Goreng Bimoli Botol,Liter,13200
2018-08-09,Minyak Goreng Bimoli Botol,Liter,13300
2018-08-10,Minyak Goreng Bimoli Botol,Liter,13200
2018-08-13,Minyak Goreng Bimoli Botol,Liter,13150
2018-08-14,Minyak Goreng Bimoli Botol,Liter,13150
2018-08-15,Minyak Goreng Bimoli Botol,Liter,13700
2018-08-16,Minyak Goreng Bimoli Botol,Liter,13700
2018-08-20,Minyak Goreng Bimoli Botol,Liter,13125
2018-08-21,Minyak Goreng Bimoli Botol,Liter,13500
2018-08-22,Minyak Goreng Bimoli Botol,Liter,13400
2018-08-23,Minyak Goreng Bimoli Botol,Liter,13600
2018-08-27,Minyak Goreng Bimoli Botol,Liter,13500
2018-08-28,Minyak Goreng Bimoli Botol,Liter,13400
2018-08-29,Minyak Goreng Bimoli Botol,Liter,13300
2018-08-30,Minyak Goreng Bimoli Botol,Liter,13250
2018-08-31,Minyak Goreng Bimoli Botol,Liter,13400
2018-08-01,Minyak Goreng Curah,Liter,12290
2018-08-02,Minyak Goreng Curah,Liter,12490
2018-08-03,Minyak Goreng Curah,Liter,12240
2018-08-06,Minyak Goreng Curah,Liter,12140
2018-08-07,Minyak Goreng Curah,Liter,12340
2018-08-08,Minyak Goreng Curah,Liter,12700
2018-08-09,Minyak Goreng Curah,Liter,12600
2018-08-10,Minyak Goreng Curah,Liter,12400
2018-08-13,Minyak Goreng Curah,Liter,12500
2018-08-14,Minyak Goreng Curah,Liter,12400
2018-08-15,Minyak Goreng Curah,Liter,12750
2018-08-16,Minyak Goreng Curah,Liter,12700
2018-08-20,Minyak Goreng Curah,Liter,12625
2018-08-21,Minyak Goreng Curah,Liter,12700
2018-08-22,Minyak Goreng Curah,Liter,12400
2018-08-23,Minyak Goreng Curah,Liter,12700
2018-08-27,Minyak Goreng Curah,Liter,12700
2018-08-28,Minyak Goreng Curah,Liter,12600
2018-08-29,Minyak Goreng Curah,Liter,12500
2018-08-30,Minyak Goreng Curah,Liter,12350
2018-08-31,Minyak Goreng Curah,Liter,12500
2018-08-01,"Daging Sapi, Lokal, Paha Belakang",Kg,117340
2018-08-02,"Daging Sapi, Lokal, Paha Belakang",Kg,117340
2018-08-03,"Daging Sapi, Lokal, Paha Belakang",Kg,117340
2018-08-06,"Daging Sapi, Lokal, Paha Belakang",Kg,117340
2018-08-07,"Daging Sapi, Lokal, Paha Belakang",Kg,117340
2018-08-08,"Daging Sapi, Lokal, Paha Belakang",Kg,116500
2018-08-09,"Daging Sapi, Lokal, Paha Belakang",Kg,116500
2018-08-10,"Daging Sapi, Lokal, Paha Belakang",Kg,117000
2018-08-13,"Daging Sapi, Lokal, Paha Belakang",Kg,117000
2018-08-14,"Daging Sapi, Lokal, Paha Belakang",Kg,117000
2018-08-15,"Daging Sapi, Lokal, Paha Belakang",Kg,117000
2018-08-16,"Daging Sapi, Lokal, Paha Belakang",Kg,117000
2018-08-20,"Daging Sapi, Lokal, Paha Belakang",Kg,117500
2018-08-21,"Daging Sapi, Lokal, Paha Belakang",Kg,118000
2018-08-22,"Daging Sapi, Lokal, Paha Belakang",Kg,118000
2018-08-23,"Daging Sapi, Lokal, Paha Belakang",Kg,120000
2018-08-27,"Daging Sapi, Lokal, Paha Belakang",Kg,119000
2018-08-28,"Daging Sapi, Lokal, Paha Belakang",Kg,118000
2018-08-29,"Daging Sapi, Lokal, Paha Belakang",Kg,118000
2018-08-30,"Daging Sapi, Lokal, Paha Belakang",Kg,118000
2018-08-31,"Daging Sapi, Lokal, Paha Belakang",Kg,118000
2018-08-01,"Daging Sapi, Lokal, Daging, Has Luar (Sirloin)",Kg,126667
2018-08-02,"Daging Sapi, Lokal, Daging, Has Luar (Sirloin)",Kg,130000
2018-08-03,"Daging Sapi, Lokal, Daging, Has Luar (Sirloin)",Kg,130000
2018-08-06,"Daging Sapi, Lokal, Daging, Has Luar (Sirloin)",Kg,130000
2018-08-07,"Daging Sapi, Lokal, Daging, Has Luar (Sirloin)",Kg,130000
2018-08-08,"Daging Sapi, Lokal, Daging, Has Luar (Sirloin)",Kg,129167
2018-08-09,"Daging Sapi, Lokal, Daging, Has Luar (Sirloin)",Kg,129167
2018-08-10,"Daging Sapi, Lokal, Daging, Has Luar (Sirloin)",Kg,130000
2018-08-13,"Daging Sapi, Lokal, Daging, Has Luar (Sirloin)",Kg,130000
2018-08-14,"Daging Sapi, Lokal, Daging, Has Luar (Sirloin)",Kg,130000
2018-08-15,"Daging Sapi, Lokal, Daging, Has Luar (Sirloin)",Kg,130000
2018-08-16,"Daging Sapi, Lokal, Daging, Has Luar (Sirloin)",Kg,126667
2018-08-20,"Daging Sapi, Lokal, Daging, Has Luar (Sirloin)",Kg,130000
2018-08-21,"Daging Sapi, Lokal, Daging, Has Luar (Sirloin)",Kg,126667
2018-08-22,"Daging Sapi, Lokal, Daging, Has Luar (Sirloin)",Kg,130000
2018-08-23,"Daging Sapi, Lokal, Daging, Has Luar (Sirloin)",Kg,133333
2018-08-27,"Daging Sapi, Lokal, Daging, Has Luar (Sirloin)",Kg,131667
2018-08-28,"Daging Sapi, Lokal, Daging, Has Luar (Sirloin)",Kg,131667
2018-08-29,"Daging Sapi, Lokal, Daging, Has Luar (Sirloin)",Kg,131667
2018-08-30,"Daging Sapi, Lokal, Daging, Has Luar (Sirloin)",Kg,131667
2018-08-31,"Daging Sapi, Lokal, Daging, Has Luar (Sirloin)",Kg,130000
2018-08-01,"Daging Sapi, Lokal, Daging, Sandung Lamur (Brisket)",Kg,100000
2018-08-02,"Daging Sapi, Lokal, Daging, Sandung Lamur (Brisket)",Kg,100000
2018-08-03,"Daging Sapi, Lokal, Daging, Sandung Lamur (Brisket)",Kg,93333
2018-08-06,"Daging Sapi, Lokal, Daging, Sandung Lamur (Brisket)",Kg,93333
2018-08-07,"Daging Sapi, Lokal, Daging, Sandung Lamur (Brisket)",Kg,106667
2018-08-08,"Daging Sapi, Lokal, Daging, Sandung Lamur (Brisket)",Kg,98333
2018-08-09,"Daging Sapi, Lokal, Daging, Sandung Lamur (Brisket)",Kg,91667
2018-08-10,"Daging Sapi, Lokal, Daging, Sandung Lamur (Brisket)",Kg,100000
2018-08-13,"Daging Sapi, Lokal, Daging, Sandung Lamur (Brisket)",Kg,100000
2018-08-14,"Daging Sapi, Lokal, Daging, Sandung Lamur (Brisket)",Kg,106667
2018-08-15,"Daging Sapi, Lokal, Daging, Sandung Lamur (Brisket)",Kg,96667
2018-08-16,"Daging Sapi, Lokal, Daging, Sandung Lamur (Brisket)",Kg,105000
2018-08-20,"Daging Sapi, Lokal, Daging, Sandung Lamur (Brisket)",Kg,112500
2018-08-21,"Daging Sapi, Lokal, Daging, Sandung Lamur (Brisket)",Kg,106667
2018-08-22,"Daging Sapi, Lokal, Daging, Sandung Lamur (Brisket)",Kg,106667
2018-08-23,"Daging Sapi, Lokal, Daging, Sandung Lamur (Brisket)",Kg,113333
2018-08-27,"Daging Sapi, Lokal, Daging, Sandung Lamur (Brisket)",Kg,110000
2018-08-28,"Daging Sapi, Lokal, Daging, Sandung Lamur (Brisket)",Kg,106667
2018-08-29,"Daging Sapi, Lokal, Daging, Sandung Lamur (Brisket)",Kg,100000
2018-08-30,"Daging Sapi, Lokal, Daging, Sandung Lamur (Brisket)",Kg,93333
2018-08-31,"Daging Sapi, Lokal, Daging, Sandung Lamur (Brisket)",Kg,108333
2018-08-01,"Daging Sapi, Lokal, Daging, Tetelan",Kg,70000
2018-08-02,"Daging Sapi, Lokal, Daging, Tetelan",Kg,73333
2018-08-03,"Daging Sapi, Lokal, Daging, Tetelan",Kg,63333
2018-08-06,"Daging Sapi, Lokal, Daging, Tetelan",Kg,66667
2018-08-07,"Daging Sapi, Lokal, Daging, Tetelan",Kg,63333
2018-08-08,"Daging Sapi, Lokal, Daging, Tetelan",Kg,61667
2018-08-09,"Daging Sapi, Lokal, Daging, Tetelan",Kg,61667
2018-08-10,"Daging Sapi, Lokal, Daging, Tetelan",Kg,65000
2018-08-13,"Daging Sapi, Lokal, Daging, Tetelan",Kg,75000
2018-08-14,"Daging Sapi, Lokal, Daging, Tetelan",Kg,81667
2018-08-15,"Daging Sapi, Lokal, Daging, Tetelan",Kg,85833
2018-08-16,"Daging Sapi, Lokal, Daging, Tetelan",Kg,86667
2018-08-20,"Daging Sapi, Lokal, Daging, Tetelan",Kg,75000
2018-08-21,"Daging Sapi, Lokal, Daging, Tetelan",Kg,88333
2018-08-22,"Daging Sapi, Lokal, Daging, Tetelan",Kg,83333
2018-08-23,"Daging Sapi, Lokal, Daging, Tetelan",Kg,100000
2018-08-27,"Daging Sapi, Lokal, Daging, Tetelan",Kg,98333
2018-08-28,"Daging Sapi, Lokal, Daging, Tetelan",Kg,66667
2018-08-29,"Daging Sapi, Lokal, Daging, Tetelan",Kg,66667
2018-08-30,"Daging Sapi, Lokal, Daging, Tetelan",Kg,63333
2018-08-31,"Daging Sapi, Lokal, Daging, Tetelan",Kg,71667
2018-08-01,"Daging Sapi, Impor, Beku",Kg,85000
2018-08-02,"Daging Sapi, Impor, Beku",Kg,85000
2018-08-03,"Daging Sapi, Impor, Beku",Kg,85000
2018-08-06,"Daging Sapi, Impor, Beku",Kg,85000
2018-08-07,"Daging Sapi, Impor, Beku",Kg,85000
2018-08-08,"Daging Sapi, Impor, Beku",Kg,88350
2018-08-09,"Daging Sapi, Impor, Beku",Kg,88350
2018-08-10,"Daging Sapi, Impor, Beku",Kg,88350
2018-08-13,"Daging Sapi, Impor, Beku",Kg,88350
2018-08-14,"Daging Sapi, Impor, Beku",Kg,88350
2018-08-15,"Daging Sapi, Impor, Beku",Kg,88350
2018-08-16,"Daging Sapi, Impor, Beku",Kg,88350
2018-08-20,"Daging Sapi, Impor, Beku",Kg,95000
2018-08-21,"Daging Sapi, Impor, Beku",Kg,87500
2018-08-22,"Daging Sapi, Impor, Beku",Kg,87500
2018-08-23,"Daging Sapi, Impor, Beku",Kg,87500
2018-08-27,"Daging Sapi, Impor, Beku",Kg,89150
2018-08-28,"Daging Sapi, Impor, Beku",Kg,89150
2018-08-29,"Daging Sapi, Impor, Beku",Kg,89150
2018-08-30,"Daging Sapi, Impor, Beku",Kg,89150
2018-08-31,"Daging Sapi, Impor, Beku",Kg,89150
2018-08-01,"Daging Sapi, Lokal, Has Dalam",Kg,146667
2018-08-02,"Daging Sapi, Lokal, Has Dalam",Kg,146667
2018-08-03,"Daging Sapi, Lokal, Has Dalam",Kg,146667
2018-08-06,"Daging Sapi, Lokal, Has Dalam",Kg,146667
2018-08-07,"Daging Sapi, Lokal, Has Dalam",Kg,146667
2018-08-08,"Daging Sapi, Lokal, Has Dalam",Kg,148333
2018-08-09,"Daging Sapi, Lokal, Has Dalam",Kg,148333
2018-08-10,"Daging Sapi, Lokal, Has Dalam",Kg,146667
2018-08-13,"Daging Sapi, Lokal, Has Dalam",Kg,146667
2018-08-14,"Daging Sapi, Lokal, Has Dalam",Kg,146667
2018-08-15,"Daging Sapi, Lokal, Has Dalam",Kg,146667
2018-08-16,"Daging Sapi, Lokal, Has Dalam",Kg,153333
2018-08-20,"Daging Sapi, Lokal, Has Dalam",Kg,160000
2018-08-21,"Daging Sapi, Lokal, Has Dalam",Kg,153333
2018-08-22,"Daging Sapi, Lokal, Has Dalam",Kg,151667
2018-08-23,"Daging Sapi, Lokal, Has Dalam",Kg,151667
2018-08-27,"Daging Sapi, Lokal, Has Dalam",Kg,150000
2018-08-28,"Daging Sapi, Lokal, Has Dalam",Kg,146667
2018-08-29,"Daging Sapi, Lokal, Has Dalam",Kg,146667
2018-08-30,"Daging Sapi, Lokal, Has Dalam",Kg,146667
2018-08-31,"Daging Sapi, Lokal, Has Dalam",Kg,146667
2018-08-01,Ayam Boiler,ekor,33340
2018-08-02,Ayam Boiler,ekor,34940
2018-08-03,Ayam Boiler,ekor,33940
2018-08-06,Ayam Boiler,ekor,35340
2018-08-07,Ayam Boiler,ekor,35740
2018-08-08,Ayam Boiler,ekor,34140
2018-08-09,Ayam Boiler,ekor,35740
2018-08-10,Ayam Boiler,ekor,34340
2018-08-13,Ayam Boiler,ekor,35840
2018-08-14,Ayam Boiler,ekor,36540
2018-08-15,Ayam Boiler,ekor,35540
2018-08-16,Ayam Boiler,ekor,36840
2018-08-20,Ayam Boiler,ekor,36300
2018-08-21,Ayam Boiler,ekor,35940
2018-08-22,Ayam Boiler,ekor,36540
2018-08-23,Ayam Boiler,ekor,36540
2018-08-27,Ayam Boiler,ekor,36540
2018-08-28,Ayam Boiler,ekor,36140
2018-08-29,Ayam Boiler,ekor,36540
2018-08-30,Ayam Boiler,ekor,35540
2018-08-31,Ayam Boiler,ekor,36040
2018-08-01,Ayam Kampung,ekor,82075
2018-08-02,Ayam Kampung,ekor,82075
2018-08-03,Ayam Kampung,ekor,80825
2018-08-06,Ayam Kampung,ekor,66660
2018-08-07,Ayam Kampung,ekor,93325
2018-08-08,Ayam Kampung,ekor,84175
2018-08-09,Ayam Kampung,ekor,84175
2018-08-10,Ayam Kampung,ekor,81675
2018-08-13,Ayam Kampung,ekor,81675
2018-08-14,Ayam Kampung,ekor,81675
2018-08-15,Ayam Kampung,ekor,84175
2018-08-16,Ayam Kampung,ekor,87925
2018-08-20,Ayam Kampung,ekor,85567
2018-08-21,Ayam Kampung,ekor,85425
2018-08-22,Ayam Kampung,ekor,94175
2018-08-23,Ayam Kampung,ekor,97925
2018-08-27,Ayam Kampung,ekor,94375
2018-08-28,Ayam Kampung,ekor,91875
2018-08-29,Ayam Kampung,ekor,84375
2018-08-30,Ayam Kampung,ekor,83750
2018-08-31,Ayam Kampung,ekor,87500
2018-08-01,Telur Ayam Ras,Kg,26940
2018-08-02,Telur Ayam Ras,Kg,25740
2018-08-03,Telur Ayam Ras,Kg,25340
2018-08-06,Telur Ayam Ras,Kg,25240
2018-08-07,Telur Ayam Ras,Kg,25240
2018-08-08,Telur Ayam Ras,Kg,25000
2018-08-09,Telur Ayam Ras,Kg,24400
2018-08-10,Telur Ayam Ras,Kg,24100
2018-08-13,Telur Ayam Ras,Kg,24100
2018-08-14,Telur Ayam Ras,Kg,24100
2018-08-15,Telur Ayam Ras,Kg,23800
2018-08-16,Telur Ayam Ras,Kg,25000
2018-08-20,Telur Ayam Ras,Kg,23700
2018-08-21,Telur Ayam Ras,Kg,25060
2018-08-22,Telur Ayam Ras,Kg,23960
2018-08-23,Telur Ayam Ras,Kg,24060
2018-08-27,Telur Ayam Ras,Kg,23940
2018-08-28,Telur Ayam Ras,Kg,23640
2018-08-29,Telur Ayam Ras,Kg,23940
2018-08-30,Telur Ayam Ras,Kg,23840
2018-08-31,Telur Ayam Ras,Kg,23940
2018-08-01,Telur Ayam Kampung,butir,2320
2018-08-02,Telur Ayam Kampung,butir,2320
2018-08-03,Telur Ayam Kampung,butir,2320
2018-08-06,Telur Ayam Kampung,butir,2370
2018-08-07,Telur Ayam Kampung,butir,2370
2018-08-08,Telur Ayam Kampung,butir,2340
2018-08-09,Telur Ayam Kampung,butir,2340
2018-08-10,Telur Ayam Kampung,butir,2340
2018-08-13,Telur Ayam Kampung,butir,2330
2018-08-14,Telur Ayam Kampung,butir,2330
2018-08-15,Telur Ayam Kampung,butir,2340
2018-08-16,Telur Ayam Kampung,butir,2240
2018-08-20,Telur Ayam Kampung,butir,2275
2018-08-21,Telur Ayam Kampung,butir,2200
2018-08-22,Telur Ayam Kampung,butir,2320
2018-08-23,Telur Ayam Kampung,butir,2320
2018-08-27,Telur Ayam Kampung,butir,2320
2018-08-28,Telur Ayam Kampung,butir,2350
2018-08-29,Telur Ayam Kampung,butir,2370
2018-08-30,Telur Ayam Kampung,butir,2270
2018-08-31,Telur Ayam Kampung,butir,2320
2018-08-01,Susu Kental Manis Kaleng Merk Bendera,buah,11940
2018-08-02,Susu Kental Manis Kaleng Merk Bendera,buah,11940
2018-08-03,Susu Kental Manis Kaleng Merk Bendera,buah,11940
2018-08-06,Susu Kental Manis Kaleng Merk Bendera,buah,11940
2018-08-07,Susu Kental Manis Kaleng Merk Bendera,buah,11940
2018-08-08,Susu Kental Manis Kaleng Merk Bendera,buah,11860
2018-08-09,Susu Kental Manis Kaleng Merk Bendera,buah,11860
2018-08-10,Susu Kental Manis Kaleng Merk Bendera,buah,11860
2018-08-13,Susu Kental Manis Kaleng Merk Bendera,buah,11860
2018-08-14,Susu Kental Manis Kaleng Merk Bendera,buah,11860
2018-08-15,Susu Kental Manis Kaleng Merk Bendera,buah,11460
2018-08-16,Susu Kental Manis Kaleng Merk Bendera,buah,11460
2018-08-20,Susu Kental Manis Kaleng Merk Bendera,buah,11625
2018-08-21,Susu Kental Manis Kaleng Merk Bendera,buah,11300
2018-08-22,Susu Kental Manis Kaleng Merk Bendera,buah,11900
2018-08-23,Susu Kental Manis Kaleng Merk Bendera,buah,11900
2018-08-27,Susu Kental Manis Kaleng Merk Bendera,buah,11900
2018-08-28,Susu Kental Manis Kaleng Merk Bendera,buah,11900
2018-08-29,Susu Kental Manis Kaleng Merk Bendera,buah,11300
2018-08-30,Susu Kental Manis Kaleng Merk Bendera,buah,11300
2018-08-31,Susu Kental Manis Kaleng Merk Bendera,buah,11900
2018-08-01,Susu Kental Manis Kaleng Merk Indomilk,buah,10340
2018-08-02,Susu Kental Manis Kaleng Merk Indomilk,buah,10040
2018-08-03,Susu Kental Manis Kaleng Merk Indomilk,buah,10040
2018-08-06,Susu Kental Manis Kaleng Merk Indomilk,buah,10040
2018-08-07,Susu Kental Manis Kaleng Merk Indomilk,buah,10040
2018-08-08,Susu Kental Manis Kaleng Merk Indomilk,buah,10180
2018-08-09,Susu Kental Manis Kaleng Merk Indomilk,buah,10080
2018-08-10,Susu Kental Manis Kaleng Merk Indomilk,buah,10080
2018-08-13,Susu Kental Manis Kaleng Merk Indomilk,buah,10080
2018-08-14,Susu Kental Manis Kaleng Merk Indomilk,buah,10180
2018-08-15,Susu Kental Manis Kaleng Merk Indomilk,buah,9980
2018-08-16,Susu Kental Manis Kaleng Merk Indomilk,buah,9980
2018-08-20,Susu Kental Manis Kaleng Merk Indomilk,buah,10275
2018-08-21,Susu Kental Manis Kaleng Merk Indomilk,buah,10020
2018-08-22,Susu Kental Manis Kaleng Merk Indomilk,buah,9920
2018-08-23,Susu Kental Manis Kaleng Merk Indomilk,buah,9920
2018-08-27,Susu Kental Manis Kaleng Merk Indomilk,buah,9920
2018-08-28,Susu Kental Manis Kaleng Merk Indomilk,buah,9920
2018-08-29,Susu Kental Manis Kaleng Merk Indomilk,buah,9920
2018-08-30,Susu Kental Manis Kaleng Merk Indomilk,buah,9920
2018-08-31,Susu Kental Manis Kaleng Merk Indomilk,buah,9920
2018-08-01,Susu Bubuk Kaleng Merk Bendera,buah,44500
2018-08-02,Susu Bubuk Kaleng Merk Bendera,buah,44250
2018-08-03,Susu Bubuk Kaleng Merk Bendera,buah,44250
2018-08-06,Susu Bubuk Kaleng Merk Bendera,buah,44250
2018-08-07,Susu Bubuk Kaleng Merk Bendera,buah,44250
2018-08-08,Susu Bubuk Kaleng Merk Bendera,buah,43925
2018-08-09,Susu Bubuk Kaleng Merk Bendera,buah,43925
2018-08-10,Susu Bubuk Kaleng Merk Bendera,buah,43925
2018-08-13,Susu Bubuk Kaleng Merk Bendera,buah,43925
2018-08-14,Susu Bubuk Kaleng Merk Bendera,buah,43925
2018-08-15,Susu Bubuk Kaleng Merk Bendera,buah,43925
2018-08-16,Susu Bubuk Kaleng Merk Bendera,buah,43925
2018-08-20,Susu Bubuk Kaleng Merk Bendera,buah,44567
2018-08-21,Susu Bubuk Kaleng Merk Bendera,buah,44175
2018-08-22,Susu Bubuk Kaleng Merk Bendera,buah,44175
2018-08-23,Susu Bubuk Kaleng Merk Bendera,buah,44175
2018-08-27,Susu Bubuk Kaleng Merk Bendera,buah,44175
2018-08-28,Susu Bubuk Kaleng Merk Bendera,buah,44175
2018-08-29,Susu Bubuk Kaleng Merk Bendera,buah,44175
2018-08-30,Susu Bubuk Kaleng Merk Bendera,buah,44175
2018-08-31,Susu Bubuk Kaleng Merk Bendera,buah,44175
2018-08-01,Susu Bubuk Kaleng Merk Indomilk,buah,42800
2018-08-02,Susu Bubuk Kaleng Merk Indomilk,buah,42550
2018-08-03,Susu Bubuk Kaleng Merk Indomilk,buah,42550
2018-08-06,Susu Bubuk Kaleng Merk Indomilk,buah,42550
2018-08-07,Susu Bubuk Kaleng Merk Indomilk,buah,42550
2018-08-08,Susu Bubuk Kaleng Merk Indomilk,buah,42550
2018-08-09,Susu Bubuk Kaleng Merk Indomilk,buah,42425
2018-08-10,Susu Bubuk Kaleng Merk Indomilk,buah,42550
2018-08-13,Susu Bubuk Kaleng Merk Indomilk,buah,42550
2018-08-14,Susu Bubuk Kaleng Merk Indomilk,buah,42550
2018-08-15,Susu Bubuk Kaleng Merk Indomilk,buah,42550
2018-08-16,Susu Bubuk Kaleng Merk Indomilk,buah,42550
2018-08-20,Susu Bubuk Kaleng Merk Indomilk,buah,42567
2018-08-21,Susu Bubuk Kaleng Merk Indomilk,buah,42550
2018-08-22,Susu Bubuk Kaleng Merk Indomilk,buah,42550
2018-08-23,Susu Bubuk Kaleng Merk Indomilk,buah,42550
2018-08-27,Susu Bubuk Kaleng Merk Indomilk,buah,42550
2018-08-28,Susu Bubuk Kaleng Merk Indomilk,buah,42550
2018-08-29,Susu Bubuk Kaleng Merk Indomilk,buah,42550
2018-08-30,Susu Bubuk Kaleng Merk Indomilk,buah,42425
2018-08-31,Susu Bubuk Kaleng Merk Indomilk,buah,42550
2018-08-01,Jagung Pipilan Kecil,Kg,14900
2018-08-02,Jagung Pipilan Kecil,Kg,14900
2018-08-03,Jagung Pipilan Kecil,Kg,14900
2018-08-06,Jagung Pipilan Kecil,Kg,14900
2018-08-07,Jagung Pipilan Kecil,Kg,14900
2018-08-08,Jagung Pipilan Kecil,Kg,15433
2018-08-09,Jagung Pipilan Kecil,Kg,15433
2018-08-10,Jagung Pipilan Kecil,Kg,15433
2018-08-13,Jagung Pipilan Kecil,Kg,15433
2018-08-14,Jagung Pipilan Kecil,Kg,15433
2018-08-15,Jagung Pipilan Kecil,Kg,15433
2018-08-16,Jagung Pipilan Kecil,Kg,15433
2018-08-20,Jagung Pipilan Kecil,Kg,15333
2018-08-21,Jagung Pipilan Kecil,Kg,16000
2018-08-22,Jagung Pipilan Kecil,Kg,16000
2018-08-23,Jagung Pipilan Kecil,Kg,16000
2018-08-27,Jagung Pipilan Kecil,Kg,15900
2018-08-28,Jagung Pipilan Kecil,Kg,15900
2018-08-29,Jagung Pipilan Kecil,Kg,15900
2018-08-30,Jagung Pipilan Kecil,Kg,15900
2018-08-31,Jagung Pipilan Kecil,Kg,15900
2018-08-01,Garam Beryodium Bata,250 gr,3520
2018-08-02,Garam Beryodium Bata,250 gr,3500
2018-08-03,Garam Beryodium Bata,250 gr,3700
2018-08-06,Garam Beryodium Bata,250 gr,3700
2018-08-07,Garam Beryodium Bata,250 gr,3580
2018-08-08,Garam Beryodium Bata,250 gr,3740
2018-08-09,Garam Beryodium Bata,250 gr,3740
2018-08-10,Garam Beryodium Bata,250 gr,3520
2018-08-13,Garam Beryodium Bata,250 gr,3520
2018-08-14,Garam Beryodium Bata,250 gr,3500
2018-08-15,Garam Beryodium Bata,250 gr,3700
2018-08-16,Garam Beryodium Bata,250 gr,3640
2018-08-20,Garam Beryodium Bata,250 gr,3788
2018-08-21,Garam Beryodium Bata,250 gr,3780
2018-08-22,Garam Beryodium Bata,250 gr,3660
2018-08-23,Garam Beryodium Bata,250 gr,3960
2018-08-27,Garam Beryodium Bata,250 gr,3660
2018-08-28,Garam Beryodium Bata,250 gr,3960
2018-08-29,Garam Beryodium Bata,250 gr,3660
2018-08-30,Garam Beryodium Bata,250 gr,3680
2018-08-31,Garam Beryodium Bata,250 gr,3660
2018-08-01,Garam Beryodium Halus,Kg,10540
2018-08-02,Garam Beryodium Halus,Kg,10540
2018-08-03,Garam Beryodium Halus,Kg,10440
2018-08-06,Garam Beryodium Halus,Kg,10540
2018-08-07,Garam Beryodium Halus,Kg,9940
2018-08-08,Garam Beryodium Halus,Kg,12800
2018-08-09,Garam Beryodium Halus,Kg,12800
2018-08-10,Garam Beryodium Halus,Kg,12100
2018-08-13,Garam Beryodium Halus,Kg,11100
2018-08-14,Garam Beryodium Halus,Kg,11100
2018-08-15,Garam Beryodium Halus,Kg,10800
2018-08-16,Garam Beryodium Halus,Kg,11600
2018-08-20,Garam Beryodium Halus,Kg,11925
2018-08-21,Garam Beryodium Halus,Kg,12340
2018-08-22,Garam Beryodium Halus,Kg,9740
2018-08-23,Garam Beryodium Halus,Kg,10240
2018-08-27,Garam Beryodium Halus,Kg,11940
2018-08-28,Garam Beryodium Halus,Kg,9940
2018-08-29,Garam Beryodium Halus,Kg,11540
2018-08-30,Garam Beryodium Halus,Kg,10540
2018-08-31,Garam Beryodium Halus,Kg,10940
2018-08-01,Tepung Terigu Segitiga Biru,Kg,10300
2018-08-02,Tepung Terigu Segitiga Biru,Kg,10200
2018-08-03,Tepung Terigu Segitiga Biru,Kg,10200
2018-08-06,Tepung Terigu Segitiga Biru,Kg,10200
2018-08-07,Tepung Terigu Segitiga Biru,Kg,10200
2018-08-08,Tepung Terigu Segitiga Biru,Kg,10240
2018-08-09,Tepung Terigu Segitiga Biru,Kg,10240
2018-08-10,Tepung Terigu Segitiga Biru,Kg,10140
2018-08-13,Tepung Terigu Segitiga Biru,Kg,9940
2018-08-14,Tepung Terigu Segitiga Biru,Kg,9940
2018-08-15,Tepung Terigu Segitiga Biru,Kg,10140
2018-08-16,Tepung Terigu Segitiga Biru,Kg,10240
2018-08-20,Tepung Terigu Segitiga Biru,Kg,10425
2018-08-21,Tepung Terigu Segitiga Biru,Kg,10340
2018-08-22,Tepung Terigu Segitiga Biru,Kg,10140
2018-08-23,Tepung Terigu Segitiga Biru,Kg,10340
2018-08-27,Tepung Terigu Segitiga Biru,Kg,10240
2018-08-28,Tepung Terigu Segitiga Biru,Kg,10440
2018-08-29,Tepung Terigu Segitiga Biru,Kg,10240
2018-08-30,Tepung Terigu Segitiga Biru,Kg,10140
2018-08-31,Tepung Terigu Segitiga Biru,Kg,10240
2018-08-01,Kacang Kedelai Eks Impor,Kg,10140
2018-08-02,Kacang Kedelai Eks Impor,Kg,12675
2018-08-03,Kacang Kedelai Eks Impor,Kg,12675
2018-08-06,Kacang Kedelai Eks Impor,Kg,12175
2018-08-07,Kacang Kedelai Eks Impor,Kg,12925
2018-08-08,Kacang Kedelai Eks Impor,Kg,12175
2018-08-09,Kacang Kedelai Eks Impor,Kg,12425
2018-08-10,Kacang Kedelai Eks Impor,Kg,12425
2018-08-13,Kacang Kedelai Eks Impor,Kg,12675
2018-08-14,Kacang Kedelai Eks Impor,Kg,12675
2018-08-15,Kacang Kedelai Eks Impor,Kg,12425
2018-08-16,Kacang Kedelai Eks Impor,Kg,12675
2018-08-20,Kacang Kedelai Eks Impor,Kg,13233
2018-08-21,Kacang Kedelai Eks Impor,Kg,12425
2018-08-22,Kacang Kedelai Eks Impor,Kg,13175
2018-08-23,Kacang Kedelai Eks Impor,Kg,14425
2018-08-27,Kacang Kedelai Eks Impor,Kg,10640
2018-08-28,Kacang Kedelai Eks Impor,Kg,13175
2018-08-29,Kacang Kedelai Eks Impor,Kg,10040
2018-08-30,Kacang Kedelai Eks Impor,Kg,12675
2018-08-31,Kacang Kedelai Eks Impor,Kg,13425
2018-08-01,Kacang Kedelai Lokal,Kg,10333
2018-08-02,Kacang Kedelai Lokal,Kg,10333
2018-08-03,Kacang Kedelai Lokal,Kg,10333
2018-08-06,Kacang Kedelai Lokal,Kg,10333
2018-08-07,Kacang Kedelai Lokal,Kg,10333
2018-08-08,Kacang Kedelai Lokal,Kg,10333
2018-08-09,Kacang Kedelai Lokal,Kg,10333
2018-08-10,Kacang Kedelai Lokal,Kg,10333
2018-08-13,Kacang Kedelai Lokal,Kg,10333
2018-08-14,Kacang Kedelai Lokal,Kg,10333
2018-08-15,Kacang Kedelai Lokal,Kg,10333
2018-08-16,Kacang Kedelai Lokal,Kg,10333
2018-08-20,Kacang Kedelai Lokal,Kg,12150
2018-08-21,Kacang Kedelai Lokal,Kg,10433
2018-08-22,Kacang Kedelai Lokal,Kg,10433
2018-08-23,Kacang Kedelai Lokal,Kg,10433
2018-08-27,Kacang Kedelai Lokal,Kg,10433
2018-08-28,Kacang Kedelai Lokal,Kg,7825
2018-08-29,Kacang Kedelai Lokal,Kg,12150
2018-08-30,Kacang Kedelai Lokal,Kg,12150
2018-08-31,Kacang Kedelai Lokal,Kg,12150
2018-08-01,Indomie Rasa Kari Ayam,buah,2440
2018-08-02,Indomie Rasa Kari Ayam,buah,2440
2018-08-03,Indomie Rasa Kari Ayam,buah,2440
2018-08-06,Indomie Rasa Kari Ayam,buah,2440
2018-08-07,Indomie Rasa Kari Ayam,buah,2440
2018-08-08,Indomie Rasa Kari Ayam,buah,2440
2018-08-09,Indomie Rasa Kari Ayam,buah,2440
2018-08-10,Indomie Rasa Kari Ayam,buah,2440
2018-08-13,Indomie Rasa Kari Ayam,buah,2440
2018-08-14,Indomie Rasa Kari Ayam,buah,2440
2018-08-15,Indomie Rasa Kari Ayam,buah,2440
2018-08-16,Indomie Rasa Kari Ayam,buah,2380
2018-08-20,Indomie Rasa Kari Ayam,buah,2425
2018-08-21,Indomie Rasa Kari Ayam,buah,2380
2018-08-22,Indomie Rasa Kari Ayam,buah,2440
2018-08-23,Indomie Rasa Kari Ayam,buah,2440
2018-08-27,Indomie Rasa Kari Ayam,buah,2440
2018-08-28,Indomie Rasa Kari Ayam,buah,2440
2018-08-29,Indomie Rasa Kari Ayam,buah,2440
2018-08-30,Indomie Rasa Kari Ayam,buah,2440
2018-08-31,Indomie Rasa Kari Ayam,buah,2440
2018-08-01,Cabai Merah Kriting,Kg,33200
2018-08-02,Cabai Merah Kriting,Kg,31000
2018-08-03,Cabai Merah Kriting,Kg,31000
2018-08-06,Cabai Merah Kriting,Kg,30800
2018-08-07,Cabai Merah Kriting,Kg,30800
2018-08-08,Cabai Merah Kriting,Kg,32000
2018-08-09,Cabai Merah Kriting,Kg,34000
2018-08-10,Cabai Merah Kriting,Kg,33200
2018-08-13,Cabai Merah Kriting,Kg,32000
2018-08-14,Cabai Merah Kriting,Kg,31000
2018-08-15,Cabai Merah Kriting,Kg,33500
2018-08-16,Cabai Merah Kriting,Kg,32100
2018-08-20,Cabai Merah Kriting,Kg,31250
2018-08-21,Cabai Merah Kriting,Kg,33500
2018-08-22,Cabai Merah Kriting,Kg,33000
2018-08-23,Cabai Merah Kriting,Kg,34000
2018-08-27,Cabai Merah Kriting,Kg,33000
2018-08-28,Cabai Merah Kriting,Kg,32500
2018-08-29,Cabai Merah Kriting,Kg,33500
2018-08-30,Cabai Merah Kriting,Kg,33000
2018-08-31,Cabai Merah Kriting,Kg,31500
2018-08-01,Cabai Merah Besar,Kg,36500
2018-08-02,Cabai Merah Besar,Kg,36300
2018-08-03,Cabai Merah Besar,Kg,36000
2018-08-06,Cabai Merah Besar,Kg,35700
2018-08-07,Cabai Merah Besar,Kg,35700
2018-08-08,Cabai Merah Besar,Kg,39500
2018-08-09,Cabai Merah Besar,Kg,39500
2018-08-10,Cabai Merah Besar,Kg,38600
2018-08-13,Cabai Merah Besar,Kg,38500
2018-08-14,Cabai Merah Besar,Kg,38500
2018-08-15,Cabai Merah Besar,Kg,36700
2018-08-16,Cabai Merah Besar,Kg,38000
2018-08-20,Cabai Merah Besar,Kg,37925
2018-08-21,Cabai Merah Besar,Kg,38840
2018-08-22,Cabai Merah Besar,Kg,39340
2018-08-23,Cabai Merah Besar,Kg,37340
2018-08-27,Cabai Merah Besar,Kg,37160
2018-08-28,Cabai Merah Besar,Kg,36160
2018-08-29,Cabai Merah Besar,Kg,37160
2018-08-30,Cabai Merah Besar,Kg,37660
2018-08-31,Cabai Merah Besar,Kg,35660
2018-08-01,Cabai Rawit Merah,Kg,56340
2018-08-02,Cabai Rawit Merah,Kg,52340
2018-08-03,Cabai Rawit Merah,Kg,51340
2018-08-06,Cabai Rawit Merah,Kg,49340
2018-08-07,Cabai Rawit Merah,Kg,50340
2018-08-08,Cabai Rawit Merah,Kg,48540
2018-08-09,Cabai Rawit Merah,Kg,51540
2018-08-10,Cabai Rawit Merah,Kg,50340
2018-08-13,Cabai Rawit Merah,Kg,50340
2018-08-14,Cabai Rawit Merah,Kg,48340
2018-08-15,Cabai Rawit Merah,Kg,46940
2018-08-16,Cabai Rawit Merah,Kg,48140
2018-08-20,Cabai Rawit Merah,Kg,42675
2018-08-21,Cabai Rawit Merah,Kg,48840
2018-08-22,Cabai Rawit Merah,Kg,47340
2018-08-23,Cabai Rawit Merah,Kg,46340
2018-08-27,Cabai Rawit Merah,Kg,46340
2018-08-28,Cabai Rawit Merah,Kg,44340
2018-08-29,Cabai Rawit Merah,Kg,45340
2018-08-30,Cabai Rawit Merah,Kg,44440
2018-08-31,Cabai Rawit Merah,Kg,41840
2018-08-01,Cabai Rawit Hijau,Kg,38500
2018-08-02,Cabai Rawit Hijau,Kg,39500
2018-08-03,Cabai Rawit Hijau,Kg,39000
2018-08-06,Cabai Rawit Hijau,Kg,38000
2018-08-07,Cabai Rawit Hijau,Kg,39000
2018-08-08,Cabai Rawit Hijau,Kg,39340
2018-08-09,Cabai Rawit Hijau,Kg,40340
2018-08-10,Cabai Rawit Hijau,Kg,40940
2018-08-13,Cabai Rawit Hijau,Kg,40340
2018-08-14,Cabai Rawit Hijau,Kg,40340
2018-08-15,Cabai Rawit Hijau,Kg,39940
2018-08-16,Cabai Rawit Hijau,Kg,36640
2018-08-20,Cabai Rawit Hijau,Kg,36000
2018-08-21,Cabai Rawit Hijau,Kg,38000
2018-08-22,Cabai Rawit Hijau,Kg,42000
2018-08-23,Cabai Rawit Hijau,Kg,38800
2018-08-27,Cabai Rawit Hijau,Kg,39500
2018-08-28,Cabai Rawit Hijau,Kg,37000
2018-08-29,Cabai Rawit Hijau,Kg,40000
2018-08-30,Cabai Rawit Hijau,Kg,38700
2018-08-31,Cabai Rawit Hijau,Kg,37500
2018-08-01,Bawang Merah (Medium),Kg,29060
2018-08-02,Bawang Merah (Medium),Kg,29460
2018-08-03,Bawang Merah (Medium),Kg,31460
2018-08-06,Bawang Merah (Medium),Kg,31260
2018-08-07,Bawang Merah (Medium),Kg,29260
2018-08-08,Bawang Merah (Medium),Kg,31140
2018-08-09,Bawang Merah (Medium),Kg,32140
2018-08-10,Bawang Merah (Medium),Kg,32140
2018-08-13,Bawang Merah (Medium),Kg,31440
2018-08-14,Bawang Merah (Medium),Kg,30440
2018-08-15,Bawang Merah (Medium),Kg,29340
2018-08-16,Bawang Merah (Medium),Kg,29640
2018-08-20,Bawang Merah (Medium),Kg,27700
2018-08-21,Bawang Merah (Medium),Kg,29160
2018-08-22,Bawang Merah (Medium),Kg,29660
2018-08-23,Bawang Merah (Medium),Kg,29960
2018-08-27,Bawang Merah (Medium),Kg,29160
2018-08-28,Bawang Merah (Medium),Kg,28260
2018-08-29,Bawang Merah (Medium),Kg,28460
2018-08-30,Bawang Merah (Medium),Kg,28460
2018-08-31,Bawang Merah (Medium),Kg,27660
2018-08-01,"Bawang Putih Impor, Kating",Kg,30600
2018-08-02,"Bawang Putih Impor, Kating",Kg,30600
2018-08-03,"Bawang Putih Impor, Kating",Kg,30600
2018-08-06,"Bawang Putih Impor, Kating",Kg,31100
2018-08-07,"Bawang Putih Impor, Kating",Kg,31100
2018-08-08,"Bawang Putih Impor, Kating",Kg,33260
2018-08-09,"Bawang Putih Impor, Kating",Kg,33660
2018-08-10,"Bawang Putih Impor, Kating",Kg,32660
2018-08-13,"Bawang Putih Impor, Kating",Kg,32460
2018-08-14,"Bawang Putih Impor, Kating",Kg,31860
2018-08-15,"Bawang Putih Impor, Kating",Kg,30460
2018-08-16,"Bawang Putih Impor, Kating",Kg,31760
2018-08-20,"Bawang Putih Impor, Kating",Kg,30925
2018-08-21,"Bawang Putih Impor, Kating",Kg,32640
2018-08-22,"Bawang Putih Impor, Kating",Kg,31540
2018-08-23,"Bawang Putih Impor, Kating",Kg,31940
2018-08-27,"Bawang Putih Impor, Kating",Kg,31440
2018-08-28,"Bawang Putih Impor, Kating",Kg,31440
2018-08-29,"Bawang Putih Impor, Kating",Kg,32940
2018-08-30,"Bawang Putih Impor, Kating",Kg,31440
2018-08-31,"Bawang Putih Impor, Kating",Kg,30940
2018-08-01,"Bawang Putih Impor, Honan",Kg,26500
2018-08-02,"Bawang Putih Impor, Honan",Kg,30000
2018-08-03,"Bawang Putih Impor, Honan",Kg,27500
2018-08-06,"Bawang Putih Impor, Honan",Kg,27500
2018-08-07,"Bawang Putih Impor, Honan",Kg,27500
2018-08-08,"Bawang Putih Impor, Honan",Kg,27500
2018-08-09,"Bawang Putih Impor, Honan",Kg,27500
2018-08-10,"Bawang Putih Impor, Honan",Kg,30000
2018-08-13,"Bawang Putih Impor, Honan",Kg,30000
2018-08-14,"Bawang Putih Impor, Honan",Kg,29000
2018-08-15,"Bawang Putih Impor, Honan",Kg,29000
2018-08-16,"Bawang Putih Impor, Honan",Kg,30000
2018-08-20,"Bawang Putih Impor, Honan",Kg,30000
2018-08-21,"Bawang Putih Impor, Honan",Kg,30000
2018-08-22,"Bawang Putih Impor, Honan",Kg,27500
2018-08-23,"Bawang Putih Impor, Honan",Kg,27500
2018-08-27,"Bawang Putih Impor, Honan",Kg,27500
2018-08-28,"Bawang Putih Impor, Honan",Kg,26000
2018-08-29,"Bawang Putih Impor, Honan",Kg,27500
2018-08-30,"Bawang Putih Impor, Honan",Kg,27500
2018-08-31,"Bawang Putih Impor, Honan",Kg,26000
2018-08-01,Ikan Teri Asin,Kg,107660
2018-08-02,Ikan Teri Asin,Kg,109660
2018-08-03,Ikan Teri Asin,Kg,102660
2018-08-06,Ikan Teri Asin,Kg,103460
2018-08-07,Ikan Teri Asin,Kg,103460
2018-08-08,Ikan Teri Asin,Kg,108000
2018-08-09,Ikan Teri Asin,Kg,106000
2018-08-10,Ikan Teri Asin,Kg,110500
2018-08-13,Ikan Teri Asin,Kg,111000
2018-08-14,Ikan Teri Asin,Kg,111000
2018-08-15,Ikan Teri Asin,Kg,111000
2018-08-16,Ikan Teri Asin,Kg,107000
2018-08-20,Ikan Teri Asin,Kg,111250
2018-08-21,Ikan Teri Asin,Kg,109000
2018-08-22,Ikan Teri Asin,Kg,102500
2018-08-23,Ikan Teri Asin,Kg,107000
2018-08-27,Ikan Teri Asin,Kg,106000
2018-08-28,Ikan Teri Asin,Kg,104000
2018-08-29,Ikan Teri Asin,Kg,115000
2018-08-30,Ikan Teri Asin,Kg,109000
2018-08-31,Ikan Teri Asin,Kg,105000
2018-08-01,Ikan Kembung,Kg,38860
2018-08-02,Ikan Kembung,Kg,38860
2018-08-03,Ikan Kembung,Kg,38360
2018-08-06,Ikan Kembung,Kg,38360
2018-08-07,Ikan Kembung,Kg,39360
2018-08-08,Ikan Kembung,Kg,39860
2018-08-09,Ikan Kembung,Kg,37860
2018-08-10,Ikan Kembung,Kg,39860
2018-08-13,Ikan Kembung,Kg,39860
2018-08-14,Ikan Kembung,Kg,39860
2018-08-15,Ikan Kembung,Kg,41860
2018-08-16,Ikan Kembung,Kg,39360
2018-08-20,Ikan Kembung,Kg,38625
2018-08-21,Ikan Kembung,Kg,39400
2018-08-22,Ikan Kembung,Kg,39400
2018-08-23,Ikan Kembung,Kg,39400
2018-08-27,Ikan Kembung,Kg,39400
2018-08-28,Ikan Kembung,Kg,39400
2018-08-29,Ikan Kembung,Kg,39400
2018-08-30,Ikan Kembung,Kg,38900
2018-08-31,Ikan Kembung,Kg,39400
2018-08-01,Kacang Hijau,Kg,22400
2018-08-02,Kacang Hijau,Kg,22200
2018-08-03,Kacang Hijau,Kg,22400
2018-08-06,Kacang Hijau,Kg,22100
2018-08-07,Kacang Hijau,Kg,22900
2018-08-08,Kacang Hijau,Kg,22800
2018-08-09,Kacang Hijau,Kg,22600
2018-08-10,Kacang Hijau,Kg,22400
2018-08-13,Kacang Hijau,Kg,22000
2018-08-14,Kacang Hijau,Kg,22000
2018-08-15,Kacang Hijau,Kg,23200
2018-08-16,Kacang Hijau,Kg,23200
2018-08-20,Kacang Hijau,Kg,23500
2018-08-21,Kacang Hijau,Kg,23000
2018-08-22,Kacang Hijau,Kg,22800
2018-08-23,Kacang Hijau,Kg,22900
2018-08-27,Kacang Hijau,Kg,22900
2018-08-28,Kacang Hijau,Kg,22800
2018-08-29,Kacang Hijau,Kg,22400
2018-08-30,Kacang Hijau,Kg,22100
2018-08-31,Kacang Hijau,Kg,22800
2018-08-01,Kacang Tanah,Kg,25200
2018-08-02,Kacang Tanah,Kg,25200
2018-08-03,Kacang Tanah,Kg,25100
2018-08-06,Kacang Tanah,Kg,25800
2018-08-07,Kacang Tanah,Kg,26000
2018-08-08,Kacang Tanah,Kg,25100
2018-08-09,Kacang Tanah,Kg,25500
2018-08-10,Kacang Tanah,Kg,25000
2018-08-13,Kacang Tanah,Kg,24900
2018-08-14,Kacang Tanah,Kg,24900
2018-08-15,Kacang Tanah,Kg,26600
2018-08-16,Kacang Tanah,Kg,24800
2018-08-20,Kacang Tanah,Kg,24675
2018-08-21,Kacang Tanah,Kg,23740
2018-08-22,Kacang Tanah,Kg,24340
2018-08-23,Kacang Tanah,Kg,24640
2018-08-27,Kacang Tanah,Kg,24940
2018-08-28,Kacang Tanah,Kg,24140
2018-08-29,Kacang Tanah,Kg,24640
2018-08-30,Kacang Tanah,Kg,24040
2018-08-31,Kacang Tanah,Kg,24540
2018-08-01,Ketela Pohon,Kg,5060
2018-08-02,Ketela Pohon,Kg,5060
2018-08-03,Ketela Pohon,Kg,5060
2018-08-06,Ketela Pohon,Kg,5060
2018-08-07,Ketela Pohon,Kg,5260
2018-08-08,Ketela Pohon,Kg,5060
2018-08-09,Ketela Pohon,Kg,5060
2018-08-10,Ketela Pohon,Kg,5060
2018-08-13,Ketela Pohon,Kg,5060
2018-08-14,Ketela Pohon,Kg,5060
2018-08-15,Ketela Pohon,Kg,5260
2018-08-16,Ketela Pohon,Kg,5260
2018-08-20,Ketela Pohon,Kg,4575
2018-08-21,Ketela Pohon,Kg,5260
2018-08-22,Ketela Pohon,Kg,5260
2018-08-23,Ketela Pohon,Kg,5260
2018-08-27,Ketela Pohon,Kg,5260
2018-08-28,Ketela Pohon,Kg,5260
2018-08-29,Ketela Pohon,Kg,5060
2018-08-30,Ketela Pohon,Kg,5060
2018-08-31,Ketela Pohon,Kg,5260
