tanggal,bulan,tahun,komoditi,satuan,harga
1,november,2018,Beras Medium,Kg,"10,860"
2,november,2018,Beras Medium,Kg,"10,860"
5,november,2018,Beras Medium,Kg,"10,760"
6,november,2018,Beras Medium,Kg,"10,710"
7,november,2018,Beras Medium,Kg,"10,760"
8,november,2018,Beras Medium,Kg,"10,560"
9,november,2018,Beras Medium,Kg,"10,760"
12,november,2018,Beras Medium,Kg,"10,860"
13,november,2018,Beras Medium,Kg,"10,540"
14,november,2018,Beras Medium,Kg,"10,490"
15,november,2018,Beras Medium,Kg,"10,690"
16,november,2018,Beras Medium,Kg,"10,640"
19,november,2018,Beras Medium,Kg,"10,640"
21,november,2018,Beras Medium,Kg,"10,640"
22,november,2018,Beras Medium,Kg,"10,590"
23,november,2018,Beras Medium,Kg,"10,540"
26,november,2018,Beras Medium,Kg,"10,590"
27,november,2018,Beras Medium,Kg,"10,540"
28,november,2018,Beras Medium,Kg,"10,690"
29,november,2018,Beras Medium,Kg,"10,640"
30,november,2018,Beras Medium,Kg,"10,590"
1,november,2018,Beras Premium,Kg,"12,875"
2,november,2018,Beras Premium,Kg,"12,875"
5,november,2018,Beras Premium,Kg,"13,000"
6,november,2018,Beras Premium,Kg,"12,875"
7,november,2018,Beras Premium,Kg,"13,063"
8,november,2018,Beras Premium,Kg,"12,750"
9,november,2018,Beras Premium,Kg,"13,000"
12,november,2018,Beras Premium,Kg,"13,000"
13,november,2018,Beras Premium,Kg,"12,700"
14,november,2018,Beras Premium,Kg,"12,575"
15,november,2018,Beras Premium,Kg,"12,825"
16,november,2018,Beras Premium,Kg,"12,825"
19,november,2018,Beras Premium,Kg,"12,825"
21,november,2018,Beras Premium,Kg,"12,825"
22,november,2018,Beras Premium,Kg,"12,763"
23,november,2018,Beras Premium,Kg,"12,388"
26,november,2018,Beras Premium,Kg,"12,513"
27,november,2018,Beras Premium,Kg,"12,575"
28,november,2018,Beras Premium,Kg,"12,950"
29,november,2018,Beras Premium,Kg,"12,825"
30,november,2018,Beras Premium,Kg,"12,638"
1,november,2018,Gula Pasir,Kg,"12,360"
2,november,2018,Gula Pasir,Kg,"12,360"
5,november,2018,Gula Pasir,Kg,"12,260"
6,november,2018,Gula Pasir,Kg,"12,360"
7,november,2018,Gula Pasir,Kg,"12,460"
8,november,2018,Gula Pasir,Kg,"12,460"
9,november,2018,Gula Pasir,Kg,"12,960"
12,november,2018,Gula Pasir,Kg,"13,060"
13,november,2018,Gula Pasir,Kg,"12,440"
14,november,2018,Gula Pasir,Kg,"12,890"
15,november,2018,Gula Pasir,Kg,"12,810"
16,november,2018,Gula Pasir,Kg,"12,560"
19,november,2018,Gula Pasir,Kg,"12,660"
21,november,2018,Gula Pasir,Kg,"12,610"
22,november,2018,Gula Pasir,Kg,"12,500"
23,november,2018,Gula Pasir,Kg,"12,650"
26,november,2018,Gula Pasir,Kg,"12,650"
27,november,2018,Gula Pasir,Kg,"12,600"
28,november,2018,Gula Pasir,Kg,"12,800"
29,november,2018,Gula Pasir,Kg,"12,550"
30,november,2018,Gula Pasir,Kg,"12,650"
1,november,2018,Minyak Goreng Bimoli Botol,Liter,"13,200"
2,november,2018,Minyak Goreng Bimoli Botol,Liter,"13,200"
5,november,2018,Minyak Goreng Bimoli Botol,Liter,"13,300"
6,november,2018,Minyak Goreng Bimoli Botol,Liter,"13,200"
7,november,2018,Minyak Goreng Bimoli Botol,Liter,"13,400"
8,november,2018,Minyak Goreng Bimoli Botol,Liter,"13,200"
9,november,2018,Minyak Goreng Bimoli Botol,Liter,"13,500"
12,november,2018,Minyak Goreng Bimoli Botol,Liter,"13,100"
13,november,2018,Minyak Goreng Bimoli Botol,Liter,"13,310"
14,november,2018,Minyak Goreng Bimoli Botol,Liter,"13,460"
15,november,2018,Minyak Goreng Bimoli Botol,Liter,"13,740"
16,november,2018,Minyak Goreng Bimoli Botol,Liter,"13,540"
19,november,2018,Minyak Goreng Bimoli Botol,Liter,"13,640"
21,november,2018,Minyak Goreng Bimoli Botol,Liter,"13,740"
22,november,2018,Minyak Goreng Bimoli Botol,Liter,"13,640"
23,november,2018,Minyak Goreng Bimoli Botol,Liter,"13,340"
26,november,2018,Minyak Goreng Bimoli Botol,Liter,"13,440"
27,november,2018,Minyak Goreng Bimoli Botol,Liter,"13,340"
28,november,2018,Minyak Goreng Bimoli Botol,Liter,"13,540"
29,november,2018,Minyak Goreng Bimoli Botol,Liter,"13,640"
30,november,2018,Minyak Goreng Bimoli Botol,Liter,"13,240"
1,november,2018,Minyak Goreng Curah,Liter,"12,000"
2,november,2018,Minyak Goreng Curah,Liter,"12,000"
5,november,2018,Minyak Goreng Curah,Liter,"11,800"
6,november,2018,Minyak Goreng Curah,Liter,"11,800"
7,november,2018,Minyak Goreng Curah,Liter,"12,000"
8,november,2018,Minyak Goreng Curah,Liter,"11,700"
9,november,2018,Minyak Goreng Curah,Liter,"12,000"
12,november,2018,Minyak Goreng Curah,Liter,"11,700"
13,november,2018,Minyak Goreng Curah,Liter,"11,950"
14,november,2018,Minyak Goreng Curah,Liter,"11,800"
15,november,2018,Minyak Goreng Curah,Liter,"11,960"
16,november,2018,Minyak Goreng Curah,Liter,"11,560"
19,november,2018,Minyak Goreng Curah,Liter,"11,960"
21,november,2018,Minyak Goreng Curah,Liter,"12,060"
22,november,2018,Minyak Goreng Curah,Liter,"12,110"
23,november,2018,Minyak Goreng Curah,Liter,"11,760"
26,november,2018,Minyak Goreng Curah,Liter,"12,010"
27,november,2018,Minyak Goreng Curah,Liter,"11,860"
28,november,2018,Minyak Goreng Curah,Liter,"12,010"
29,november,2018,Minyak Goreng Curah,Liter,"12,060"
30,november,2018,Minyak Goreng Curah,Liter,"11,760"
1,november,2018,"Daging Sapi, Lokal, Paha Belakang",Kg,"118,660"
2,november,2018,"Daging Sapi, Lokal, Paha Belakang",Kg,"118,660"
5,november,2018,"Daging Sapi, Lokal, Paha Belakang",Kg,"118,660"
6,november,2018,"Daging Sapi, Lokal, Paha Belakang",Kg,"118,160"
7,november,2018,"Daging Sapi, Lokal, Paha Belakang",Kg,"119,660"
8,november,2018,"Daging Sapi, Lokal, Paha Belakang",Kg,"117,660"
9,november,2018,"Daging Sapi, Lokal, Paha Belakang",Kg,"118,660"
12,november,2018,"Daging Sapi, Lokal, Paha Belakang",Kg,"118,660"
13,november,2018,"Daging Sapi, Lokal, Paha Belakang",Kg,"120,000"
14,november,2018,"Daging Sapi, Lokal, Paha Belakang",Kg,"120,000"
15,november,2018,"Daging Sapi, Lokal, Paha Belakang",Kg,"117,160"
16,november,2018,"Daging Sapi, Lokal, Paha Belakang",Kg,"118,660"
19,november,2018,"Daging Sapi, Lokal, Paha Belakang",Kg,"118,160"
21,november,2018,"Daging Sapi, Lokal, Paha Belakang",Kg,"118,660"
22,november,2018,"Daging Sapi, Lokal, Paha Belakang",Kg,"118,500"
23,november,2018,"Daging Sapi, Lokal, Paha Belakang",Kg,"119,000"
26,november,2018,"Daging Sapi, Lokal, Paha Belakang",Kg,"119,000"
27,november,2018,"Daging Sapi, Lokal, Paha Belakang",Kg,"119,000"
28,november,2018,"Daging Sapi, Lokal, Paha Belakang",Kg,"121,000"
29,november,2018,"Daging Sapi, Lokal, Paha Belakang",Kg,"119,000"
30,november,2018,"Daging Sapi, Lokal, Paha Belakang",Kg,"119,000"
1,november,2018,"Daging Sapi, Lokal, Daging, Has Luar (Sirloin)",Kg,"126,667"
2,november,2018,"Daging Sapi, Lokal, Daging, Has Luar (Sirloin)",Kg,"126,667"
5,november,2018,"Daging Sapi, Lokal, Daging, Has Luar (Sirloin)",Kg,"126,667"
6,november,2018,"Daging Sapi, Lokal, Daging, Has Luar (Sirloin)",Kg,"126,667"
7,november,2018,"Daging Sapi, Lokal, Daging, Has Luar (Sirloin)",Kg,"131,667"
8,november,2018,"Daging Sapi, Lokal, Daging, Has Luar (Sirloin)",Kg,"126,667"
9,november,2018,"Daging Sapi, Lokal, Daging, Has Luar (Sirloin)",Kg,"126,667"
12,november,2018,"Daging Sapi, Lokal, Daging, Has Luar (Sirloin)",Kg,"126,667"
13,november,2018,"Daging Sapi, Lokal, Daging, Has Luar (Sirloin)",Kg,"126,667"
14,november,2018,"Daging Sapi, Lokal, Daging, Has Luar (Sirloin)",Kg,"130,000"
15,november,2018,"Daging Sapi, Lokal, Daging, Has Luar (Sirloin)",Kg,"126,667"
16,november,2018,"Daging Sapi, Lokal, Daging, Has Luar (Sirloin)",Kg,"126,667"
19,november,2018,"Daging Sapi, Lokal, Daging, Has Luar (Sirloin)",Kg,"126,667"
21,november,2018,"Daging Sapi, Lokal, Daging, Has Luar (Sirloin)",Kg,"126,667"
22,november,2018,"Daging Sapi, Lokal, Daging, Has Luar (Sirloin)",Kg,"126,667"
23,november,2018,"Daging Sapi, Lokal, Daging, Has Luar (Sirloin)",Kg,"126,667"
26,november,2018,"Daging Sapi, Lokal, Daging, Has Luar (Sirloin)",Kg,"126,667"
27,november,2018,"Daging Sapi, Lokal, Daging, Has Luar (Sirloin)",Kg,"126,667"
28,november,2018,"Daging Sapi, Lokal, Daging, Has Luar (Sirloin)",Kg,"133,333"
29,november,2018,"Daging Sapi, Lokal, Daging, Has Luar (Sirloin)",Kg,"126,667"
30,november,2018,"Daging Sapi, Lokal, Daging, Has Luar (Sirloin)",Kg,"126,667"
1,november,2018,"Daging Sapi, Lokal, Daging, Sandung Lamur (Brisket)",Kg,"100,000"
2,november,2018,"Daging Sapi, Lokal, Daging, Sandung Lamur (Brisket)",Kg,"100,000"
5,november,2018,"Daging Sapi, Lokal, Daging, Sandung Lamur (Brisket)",Kg,"93,333"
6,november,2018,"Daging Sapi, Lokal, Daging, Sandung Lamur (Brisket)",Kg,"93,333"
7,november,2018,"Daging Sapi, Lokal, Daging, Sandung Lamur (Brisket)",Kg,"100,000"
8,november,2018,"Daging Sapi, Lokal, Daging, Sandung Lamur (Brisket)",Kg,"93,333"
9,november,2018,"Daging Sapi, Lokal, Daging, Sandung Lamur (Brisket)",Kg,"106,667"
12,november,2018,"Daging Sapi, Lokal, Daging, Sandung Lamur (Brisket)",Kg,"93,333"
13,november,2018,"Daging Sapi, Lokal, Daging, Sandung Lamur (Brisket)",Kg,"93,333"
14,november,2018,"Daging Sapi, Lokal, Daging, Sandung Lamur (Brisket)",Kg,"106,667"
15,november,2018,"Daging Sapi, Lokal, Daging, Sandung Lamur (Brisket)",Kg,"101,667"
16,november,2018,"Daging Sapi, Lokal, Daging, Sandung Lamur (Brisket)",Kg,"93,333"
19,november,2018,"Daging Sapi, Lokal, Daging, Sandung Lamur (Brisket)",Kg,"93,333"
21,november,2018,"Daging Sapi, Lokal, Daging, Sandung Lamur (Brisket)",Kg,"100,000"
22,november,2018,"Daging Sapi, Lokal, Daging, Sandung Lamur (Brisket)",Kg,"100,000"
23,november,2018,"Daging Sapi, Lokal, Daging, Sandung Lamur (Brisket)",Kg,"93,333"
26,november,2018,"Daging Sapi, Lokal, Daging, Sandung Lamur (Brisket)",Kg,"93,333"
27,november,2018,"Daging Sapi, Lokal, Daging, Sandung Lamur (Brisket)",Kg,"90,000"
28,november,2018,"Daging Sapi, Lokal, Daging, Sandung Lamur (Brisket)",Kg,"100,000"
29,november,2018,"Daging Sapi, Lokal, Daging, Sandung Lamur (Brisket)",Kg,"100,000"
30,november,2018,"Daging Sapi, Lokal, Daging, Sandung Lamur (Brisket)",Kg,"93,333"
1,november,2018,"Daging Sapi, Lokal, Daging, Tetelan",Kg,"61,667"
2,november,2018,"Daging Sapi, Lokal, Daging, Tetelan",Kg,"60,000"
5,november,2018,"Daging Sapi, Lokal, Daging, Tetelan",Kg,"66,667"
6,november,2018,"Daging Sapi, Lokal, Daging, Tetelan",Kg,"63,333"
7,november,2018,"Daging Sapi, Lokal, Daging, Tetelan",Kg,"76,667"
8,november,2018,"Daging Sapi, Lokal, Daging, Tetelan",Kg,"63,333"
9,november,2018,"Daging Sapi, Lokal, Daging, Tetelan",Kg,"65,000"
12,november,2018,"Daging Sapi, Lokal, Daging, Tetelan",Kg,"63,333"
13,november,2018,"Daging Sapi, Lokal, Daging, Tetelan",Kg,"65,000"
14,november,2018,"Daging Sapi, Lokal, Daging, Tetelan",Kg,"73,333"
15,november,2018,"Daging Sapi, Lokal, Daging, Tetelan",Kg,"68,333"
16,november,2018,"Daging Sapi, Lokal, Daging, Tetelan",Kg,"64,167"
19,november,2018,"Daging Sapi, Lokal, Daging, Tetelan",Kg,"61,667"
21,november,2018,"Daging Sapi, Lokal, Daging, Tetelan",Kg,"67,500"
22,november,2018,"Daging Sapi, Lokal, Daging, Tetelan",Kg,"68,333"
23,november,2018,"Daging Sapi, Lokal, Daging, Tetelan",Kg,"62,500"
26,november,2018,"Daging Sapi, Lokal, Daging, Tetelan",Kg,"63,333"
27,november,2018,"Daging Sapi, Lokal, Daging, Tetelan",Kg,"60,000"
28,november,2018,"Daging Sapi, Lokal, Daging, Tetelan",Kg,"62,500"
29,november,2018,"Daging Sapi, Lokal, Daging, Tetelan",Kg,"71,667"
30,november,2018,"Daging Sapi, Lokal, Daging, Tetelan",Kg,"63,333"
1,november,2018,"Daging Sapi, Impor, Beku",Kg,"88,350"
2,november,2018,"Daging Sapi, Impor, Beku",Kg,"88,350"
5,november,2018,"Daging Sapi, Impor, Beku",Kg,"88,350"
6,november,2018,"Daging Sapi, Impor, Beku",Kg,"88,350"
7,november,2018,"Daging Sapi, Impor, Beku",Kg,"88,350"
8,november,2018,"Daging Sapi, Impor, Beku",Kg,"88,350"
9,november,2018,"Daging Sapi, Impor, Beku",Kg,"88,350"
12,november,2018,"Daging Sapi, Impor, Beku",Kg,"88,350"
13,november,2018,"Daging Sapi, Impor, Beku",Kg,"89,150"
14,november,2018,"Daging Sapi, Impor, Beku",Kg,"89,150"
15,november,2018,"Daging Sapi, Impor, Beku",Kg,"89,150"
16,november,2018,"Daging Sapi, Impor, Beku",Kg,"89,150"
19,november,2018,"Daging Sapi, Impor, Beku",Kg,"89,150"
21,november,2018,"Daging Sapi, Impor, Beku",Kg,"89,150"
22,november,2018,"Daging Sapi, Impor, Beku",Kg,"90,000"
23,november,2018,"Daging Sapi, Impor, Beku",Kg,"90,000"
26,november,2018,"Daging Sapi, Impor, Beku",Kg,"90,000"
27,november,2018,"Daging Sapi, Impor, Beku",Kg,"90,000"
28,november,2018,"Daging Sapi, Impor, Beku",Kg,"90,000"
29,november,2018,"Daging Sapi, Impor, Beku",Kg,"90,000"
30,november,2018,"Daging Sapi, Impor, Beku",Kg,"90,000"
1,november,2018,"Daging Sapi, Lokal, Has Dalam",Kg,"143,333"
2,november,2018,"Daging Sapi, Lokal, Has Dalam",Kg,"143,333"
5,november,2018,"Daging Sapi, Lokal, Has Dalam",Kg,"143,333"
6,november,2018,"Daging Sapi, Lokal, Has Dalam",Kg,"143,333"
7,november,2018,"Daging Sapi, Lokal, Has Dalam",Kg,"148,333"
8,november,2018,"Daging Sapi, Lokal, Has Dalam",Kg,"143,333"
9,november,2018,"Daging Sapi, Lokal, Has Dalam",Kg,"146,667"
12,november,2018,"Daging Sapi, Lokal, Has Dalam",Kg,"146,667"
13,november,2018,"Daging Sapi, Lokal, Has Dalam",Kg,"143,333"
14,november,2018,"Daging Sapi, Lokal, Has Dalam",Kg,"143,333"
15,november,2018,"Daging Sapi, Lokal, Has Dalam",Kg,"145,000"
16,november,2018,"Daging Sapi, Lokal, Has Dalam",Kg,"143,333"
19,november,2018,"Daging Sapi, Lokal, Has Dalam",Kg,"145,000"
21,november,2018,"Daging Sapi, Lokal, Has Dalam",Kg,"143,333"
22,november,2018,"Daging Sapi, Lokal, Has Dalam",Kg,"143,333"
23,november,2018,"Daging Sapi, Lokal, Has Dalam",Kg,"143,333"
26,november,2018,"Daging Sapi, Lokal, Has Dalam",Kg,"143,333"
27,november,2018,"Daging Sapi, Lokal, Has Dalam",Kg,"143,333"
28,november,2018,"Daging Sapi, Lokal, Has Dalam",Kg,"150,000"
29,november,2018,"Daging Sapi, Lokal, Has Dalam",Kg,"143,333"
30,november,2018,"Daging Sapi, Lokal, Has Dalam",Kg,"143,333"
1,november,2018,Ayam Boiler,ekor,"36,600"
2,november,2018,Ayam Boiler,ekor,"36,400"
5,november,2018,Ayam Boiler,ekor,"36,000"
6,november,2018,Ayam Boiler,ekor,"36,000"
7,november,2018,Ayam Boiler,ekor,"36,400"
8,november,2018,Ayam Boiler,ekor,"35,500"
9,november,2018,Ayam Boiler,ekor,"36,200"
12,november,2018,Ayam Boiler,ekor,"35,800"
13,november,2018,Ayam Boiler,ekor,"36,800"
14,november,2018,Ayam Boiler,ekor,"36,000"
15,november,2018,Ayam Boiler,ekor,"36,660"
16,november,2018,Ayam Boiler,ekor,"36,860"
19,november,2018,Ayam Boiler,ekor,"36,860"
21,november,2018,Ayam Boiler,ekor,"37,060"
22,november,2018,Ayam Boiler,ekor,"35,860"
23,november,2018,Ayam Boiler,ekor,"35,060"
26,november,2018,Ayam Boiler,ekor,"35,660"
27,november,2018,Ayam Boiler,ekor,"35,660"
28,november,2018,Ayam Boiler,ekor,"36,260"
29,november,2018,Ayam Boiler,ekor,"38,260"
30,november,2018,Ayam Boiler,ekor,"37,560"
1,november,2018,Ayam Kampung,ekor,"89,575"
2,november,2018,Ayam Kampung,ekor,"89,575"
5,november,2018,Ayam Kampung,ekor,"89,575"
6,november,2018,Ayam Kampung,ekor,"89,575"
7,november,2018,Ayam Kampung,ekor,"92,700"
8,november,2018,Ayam Kampung,ekor,"92,700"
9,november,2018,Ayam Kampung,ekor,"92,075"
12,november,2018,Ayam Kampung,ekor,"85,825"
13,november,2018,Ayam Kampung,ekor,"81,675"
14,november,2018,Ayam Kampung,ekor,"81,675"
15,november,2018,Ayam Kampung,ekor,"82,075"
16,november,2018,Ayam Kampung,ekor,"82,075"
19,november,2018,Ayam Kampung,ekor,"81,450"
21,november,2018,Ayam Kampung,ekor,"81,450"
22,november,2018,Ayam Kampung,ekor,"81,450"
23,november,2018,Ayam Kampung,ekor,"83,950"
26,november,2018,Ayam Kampung,ekor,"83,950"
27,november,2018,Ayam Kampung,ekor,"83,950"
28,november,2018,Ayam Kampung,ekor,"88,950"
29,november,2018,Ayam Kampung,ekor,"82,075"
30,november,2018,Ayam Kampung,ekor,"84,575"
1,november,2018,Telur Ayam Ras,Kg,"21,600"
2,november,2018,Telur Ayam Ras,Kg,"21,700"
5,november,2018,Telur Ayam Ras,Kg,"22,000"
6,november,2018,Telur Ayam Ras,Kg,"22,000"
7,november,2018,Telur Ayam Ras,Kg,"22,200"
8,november,2018,Telur Ayam Ras,Kg,"22,200"
9,november,2018,Telur Ayam Ras,Kg,"21,950"
12,november,2018,Telur Ayam Ras,Kg,"22,000"
13,november,2018,Telur Ayam Ras,Kg,"23,000"
14,november,2018,Telur Ayam Ras,Kg,"23,300"
15,november,2018,Telur Ayam Ras,Kg,"22,140"
16,november,2018,Telur Ayam Ras,Kg,"22,640"
19,november,2018,Telur Ayam Ras,Kg,"22,740"
21,november,2018,Telur Ayam Ras,Kg,"23,140"
22,november,2018,Telur Ayam Ras,Kg,"23,340"
23,november,2018,Telur Ayam Ras,Kg,"23,340"
26,november,2018,Telur Ayam Ras,Kg,"23,340"
27,november,2018,Telur Ayam Ras,Kg,"23,040"
28,november,2018,Telur Ayam Ras,Kg,"23,240"
29,november,2018,Telur Ayam Ras,Kg,"23,340"
30,november,2018,Telur Ayam Ras,Kg,"23,440"
1,november,2018,Telur Ayam Kampung,butir,"2,260"
2,november,2018,Telur Ayam Kampung,butir,"2,210"
5,november,2018,Telur Ayam Kampung,butir,"2,260"
6,november,2018,Telur Ayam Kampung,butir,"2,260"
7,november,2018,Telur Ayam Kampung,butir,"2,260"
8,november,2018,Telur Ayam Kampung,butir,"2,260"
9,november,2018,Telur Ayam Kampung,butir,"2,220"
12,november,2018,Telur Ayam Kampung,butir,"2,320"
13,november,2018,Telur Ayam Kampung,butir,"2,250"
14,november,2018,Telur Ayam Kampung,butir,"2,260"
15,november,2018,Telur Ayam Kampung,butir,"2,300"
16,november,2018,Telur Ayam Kampung,butir,"2,300"
19,november,2018,Telur Ayam Kampung,butir,"2,300"
21,november,2018,Telur Ayam Kampung,butir,"2,150"
22,november,2018,Telur Ayam Kampung,butir,"2,250"
23,november,2018,Telur Ayam Kampung,butir,"2,200"
26,november,2018,Telur Ayam Kampung,butir,"2,200"
27,november,2018,Telur Ayam Kampung,butir,"2,200"
28,november,2018,Telur Ayam Kampung,butir,"2,250"
29,november,2018,Telur Ayam Kampung,butir,"2,200"
30,november,2018,Telur Ayam Kampung,butir,"2,180"
1,november,2018,Susu Kental Manis Kaleng Merk Bendera,buah,"11,700"
2,november,2018,Susu Kental Manis Kaleng Merk Bendera,buah,"11,700"
5,november,2018,Susu Kental Manis Kaleng Merk Bendera,buah,"11,700"
6,november,2018,Susu Kental Manis Kaleng Merk Bendera,buah,"11,700"
7,november,2018,Susu Kental Manis Kaleng Merk Bendera,buah,"11,700"
8,november,2018,Susu Kental Manis Kaleng Merk Bendera,buah,"11,800"
9,november,2018,Susu Kental Manis Kaleng Merk Bendera,buah,"12,300"
12,november,2018,Susu Kental Manis Kaleng Merk Bendera,buah,"11,700"
13,november,2018,Susu Kental Manis Kaleng Merk Bendera,buah,"11,460"
14,november,2018,Susu Kental Manis Kaleng Merk Bendera,buah,"11,460"
15,november,2018,Susu Kental Manis Kaleng Merk Bendera,buah,"11,660"
16,november,2018,Susu Kental Manis Kaleng Merk Bendera,buah,"11,560"
19,november,2018,Susu Kental Manis Kaleng Merk Bendera,buah,"11,660"
21,november,2018,Susu Kental Manis Kaleng Merk Bendera,buah,"11,560"
22,november,2018,Susu Kental Manis Kaleng Merk Bendera,buah,"11,560"
23,november,2018,Susu Kental Manis Kaleng Merk Bendera,buah,"11,560"
26,november,2018,Susu Kental Manis Kaleng Merk Bendera,buah,"11,560"
27,november,2018,Susu Kental Manis Kaleng Merk Bendera,buah,"11,560"
28,november,2018,Susu Kental Manis Kaleng Merk Bendera,buah,"11,560"
29,november,2018,Susu Kental Manis Kaleng Merk Bendera,buah,"11,560"
30,november,2018,Susu Kental Manis Kaleng Merk Bendera,buah,"11,560"
1,november,2018,Susu Kental Manis Kaleng Merk Indomilk,buah,"10,360"
2,november,2018,Susu Kental Manis Kaleng Merk Indomilk,buah,"10,360"
5,november,2018,Susu Kental Manis Kaleng Merk Indomilk,buah,"10,260"
6,november,2018,Susu Kental Manis Kaleng Merk Indomilk,buah,"10,260"
7,november,2018,Susu Kental Manis Kaleng Merk Indomilk,buah,"10,260"
8,november,2018,Susu Kental Manis Kaleng Merk Indomilk,buah,"10,260"
9,november,2018,Susu Kental Manis Kaleng Merk Indomilk,buah,"10,160"
12,november,2018,Susu Kental Manis Kaleng Merk Indomilk,buah,"10,160"
13,november,2018,Susu Kental Manis Kaleng Merk Indomilk,buah,"9,580"
14,november,2018,Susu Kental Manis Kaleng Merk Indomilk,buah,"9,680"
15,november,2018,Susu Kental Manis Kaleng Merk Indomilk,buah,"10,000"
16,november,2018,Susu Kental Manis Kaleng Merk Indomilk,buah,"10,000"
19,november,2018,Susu Kental Manis Kaleng Merk Indomilk,buah,"10,500"
21,november,2018,Susu Kental Manis Kaleng Merk Indomilk,buah,"10,100"
22,november,2018,Susu Kental Manis Kaleng Merk Indomilk,buah,"10,260"
23,november,2018,Susu Kental Manis Kaleng Merk Indomilk,buah,"10,160"
26,november,2018,Susu Kental Manis Kaleng Merk Indomilk,buah,"10,160"
27,november,2018,Susu Kental Manis Kaleng Merk Indomilk,buah,"10,160"
28,november,2018,Susu Kental Manis Kaleng Merk Indomilk,buah,"10,160"
29,november,2018,Susu Kental Manis Kaleng Merk Indomilk,buah,"10,260"
30,november,2018,Susu Kental Manis Kaleng Merk Indomilk,buah,"10,160"
1,november,2018,Susu Bubuk Kaleng Merk Bendera,buah,"44,325"
2,november,2018,Susu Bubuk Kaleng Merk Bendera,buah,"44,575"
5,november,2018,Susu Bubuk Kaleng Merk Bendera,buah,"44,575"
6,november,2018,Susu Bubuk Kaleng Merk Bendera,buah,"44,575"
7,november,2018,Susu Bubuk Kaleng Merk Bendera,buah,"44,575"
8,november,2018,Susu Bubuk Kaleng Merk Bendera,buah,"44,575"
9,november,2018,Susu Bubuk Kaleng Merk Bendera,buah,"44,575"
12,november,2018,Susu Bubuk Kaleng Merk Bendera,buah,"44,575"
13,november,2018,Susu Bubuk Kaleng Merk Bendera,buah,"44,750"
14,november,2018,Susu Bubuk Kaleng Merk Bendera,buah,"44,750"
15,november,2018,Susu Bubuk Kaleng Merk Bendera,buah,"44,575"
16,november,2018,Susu Bubuk Kaleng Merk Bendera,buah,"44,575"
19,november,2018,Susu Bubuk Kaleng Merk Bendera,buah,"44,575"
21,november,2018,Susu Bubuk Kaleng Merk Bendera,buah,"44,575"
22,november,2018,Susu Bubuk Kaleng Merk Bendera,buah,"44,500"
23,november,2018,Susu Bubuk Kaleng Merk Bendera,buah,"44,500"
26,november,2018,Susu Bubuk Kaleng Merk Bendera,buah,"44,500"
27,november,2018,Susu Bubuk Kaleng Merk Bendera,buah,"44,500"
28,november,2018,Susu Bubuk Kaleng Merk Bendera,buah,"44,500"
29,november,2018,Susu Bubuk Kaleng Merk Bendera,buah,"44,500"
30,november,2018,Susu Bubuk Kaleng Merk Bendera,buah,"44,500"
1,november,2018,Susu Bubuk Kaleng Merk Indomilk,buah,"42,700"
2,november,2018,Susu Bubuk Kaleng Merk Indomilk,buah,"42,950"
5,november,2018,Susu Bubuk Kaleng Merk Indomilk,buah,"42,825"
6,november,2018,Susu Bubuk Kaleng Merk Indomilk,buah,"42,825"
7,november,2018,Susu Bubuk Kaleng Merk Indomilk,buah,"42,825"
8,november,2018,Susu Bubuk Kaleng Merk Indomilk,buah,"42,825"
9,november,2018,Susu Bubuk Kaleng Merk Indomilk,buah,"42,950"
12,november,2018,Susu Bubuk Kaleng Merk Indomilk,buah,"42,950"
13,november,2018,Susu Bubuk Kaleng Merk Indomilk,buah,"43,175"
14,november,2018,Susu Bubuk Kaleng Merk Indomilk,buah,"43,300"
15,november,2018,Susu Bubuk Kaleng Merk Indomilk,buah,"42,800"
16,november,2018,Susu Bubuk Kaleng Merk Indomilk,buah,"42,800"
19,november,2018,Susu Bubuk Kaleng Merk Indomilk,buah,"42,800"
21,november,2018,Susu Bubuk Kaleng Merk Indomilk,buah,"42,800"
22,november,2018,Susu Bubuk Kaleng Merk Indomilk,buah,"42,800"
23,november,2018,Susu Bubuk Kaleng Merk Indomilk,buah,"42,800"
26,november,2018,Susu Bubuk Kaleng Merk Indomilk,buah,"42,800"
27,november,2018,Susu Bubuk Kaleng Merk Indomilk,buah,"42,800"
28,november,2018,Susu Bubuk Kaleng Merk Indomilk,buah,"42,800"
29,november,2018,Susu Bubuk Kaleng Merk Indomilk,buah,"42,800"
30,november,2018,Susu Bubuk Kaleng Merk Indomilk,buah,"42,800"
1,november,2018,Jagung Pipilan Kecil,Kg,"14,167"
2,november,2018,Jagung Pipilan Kecil,Kg,"14,167"
5,november,2018,Jagung Pipilan Kecil,Kg,"14,167"
6,november,2018,Jagung Pipilan Kecil,Kg,"14,167"
7,november,2018,Jagung Pipilan Kecil,Kg,"14,167"
8,november,2018,Jagung Pipilan Kecil,Kg,"13,500"
9,november,2018,Jagung Pipilan Kecil,Kg,"13,500"
12,november,2018,Jagung Pipilan Kecil,Kg,"13,500"
13,november,2018,Jagung Pipilan Kecil,Kg,"15,433"
14,november,2018,Jagung Pipilan Kecil,Kg,"15,433"
15,november,2018,Jagung Pipilan Kecil,Kg,"16,233"
16,november,2018,Jagung Pipilan Kecil,Kg,"16,233"
19,november,2018,Jagung Pipilan Kecil,Kg,"16,233"
21,november,2018,Jagung Pipilan Kecil,Kg,"16,233"
22,november,2018,Jagung Pipilan Kecil,Kg,"16,000"
23,november,2018,Jagung Pipilan Kecil,Kg,"16,000"
26,november,2018,Jagung Pipilan Kecil,Kg,"16,000"
27,november,2018,Jagung Pipilan Kecil,Kg,"16,000"
28,november,2018,Jagung Pipilan Kecil,Kg,"16,000"
29,november,2018,Jagung Pipilan Kecil,Kg,"16,000"
30,november,2018,Jagung Pipilan Kecil,Kg,"16,000"
1,november,2018,Garam Beryodium Bata,250 gr,"3,280"
2,november,2018,Garam Beryodium Bata,250 gr,"3,420"
5,november,2018,Garam Beryodium Bata,250 gr,"3,420"
6,november,2018,Garam Beryodium Bata,250 gr,"3,220"
7,november,2018,Garam Beryodium Bata,250 gr,"3,120"
8,november,2018,Garam Beryodium Bata,250 gr,"3,220"
9,november,2018,Garam Beryodium Bata,250 gr,"3,200"
12,november,2018,Garam Beryodium Bata,250 gr,"3,380"
13,november,2018,Garam Beryodium Bata,250 gr,"3,540"
14,november,2018,Garam Beryodium Bata,250 gr,"3,500"
15,november,2018,Garam Beryodium Bata,250 gr,"3,780"
16,november,2018,Garam Beryodium Bata,250 gr,"3,680"
19,november,2018,Garam Beryodium Bata,250 gr,"3,680"
21,november,2018,Garam Beryodium Bata,250 gr,"3,780"
22,november,2018,Garam Beryodium Bata,250 gr,"3,780"
23,november,2018,Garam Beryodium Bata,250 gr,"3,780"
26,november,2018,Garam Beryodium Bata,250 gr,"3,780"
27,november,2018,Garam Beryodium Bata,250 gr,"3,780"
28,november,2018,Garam Beryodium Bata,250 gr,"3,780"
29,november,2018,Garam Beryodium Bata,250 gr,"3,780"
30,november,2018,Garam Beryodium Bata,250 gr,"3,780"
1,november,2018,Garam Beryodium Halus,Kg,"10,940"
2,november,2018,Garam Beryodium Halus,Kg,"10,940"
5,november,2018,Garam Beryodium Halus,Kg,"10,940"
6,november,2018,Garam Beryodium Halus,Kg,"10,840"
7,november,2018,Garam Beryodium Halus,Kg,"10,740"
8,november,2018,Garam Beryodium Halus,Kg,"11,440"
9,november,2018,Garam Beryodium Halus,Kg,"10,340"
12,november,2018,Garam Beryodium Halus,Kg,"11,040"
13,november,2018,Garam Beryodium Halus,Kg,"10,800"
14,november,2018,Garam Beryodium Halus,Kg,"10,700"
15,november,2018,Garam Beryodium Halus,Kg,"10,800"
16,november,2018,Garam Beryodium Halus,Kg,"10,500"
19,november,2018,Garam Beryodium Halus,Kg,"11,800"
21,november,2018,Garam Beryodium Halus,Kg,"10,400"
22,november,2018,Garam Beryodium Halus,Kg,"10,400"
23,november,2018,Garam Beryodium Halus,Kg,"10,200"
26,november,2018,Garam Beryodium Halus,Kg,"10,700"
27,november,2018,Garam Beryodium Halus,Kg,"10,400"
28,november,2018,Garam Beryodium Halus,Kg,"10,500"
29,november,2018,Garam Beryodium Halus,Kg,"10,500"
30,november,2018,Garam Beryodium Halus,Kg,"10,900"
1,november,2018,Tepung Terigu Segitiga Biru,Kg,"10,100"
2,november,2018,Tepung Terigu Segitiga Biru,Kg,"10,100"
5,november,2018,Tepung Terigu Segitiga Biru,Kg,"10,100"
6,november,2018,Tepung Terigu Segitiga Biru,Kg,"10,100"
7,november,2018,Tepung Terigu Segitiga Biru,Kg,"10,300"
8,november,2018,Tepung Terigu Segitiga Biru,Kg,"10,200"
9,november,2018,Tepung Terigu Segitiga Biru,Kg,"10,100"
12,november,2018,Tepung Terigu Segitiga Biru,Kg,"9,900"
13,november,2018,Tepung Terigu Segitiga Biru,Kg,"9,900"
14,november,2018,Tepung Terigu Segitiga Biru,Kg,"10,100"
15,november,2018,Tepung Terigu Segitiga Biru,Kg,"10,540"
16,november,2018,Tepung Terigu Segitiga Biru,Kg,"10,340"
19,november,2018,Tepung Terigu Segitiga Biru,Kg,"10,340"
21,november,2018,Tepung Terigu Segitiga Biru,Kg,"10,440"
22,november,2018,Tepung Terigu Segitiga Biru,Kg,"10,740"
23,november,2018,Tepung Terigu Segitiga Biru,Kg,"10,640"
26,november,2018,Tepung Terigu Segitiga Biru,Kg,"10,740"
27,november,2018,Tepung Terigu Segitiga Biru,Kg,"10,640"
28,november,2018,Tepung Terigu Segitiga Biru,Kg,"10,740"
29,november,2018,Tepung Terigu Segitiga Biru,Kg,"10,540"
30,november,2018,Tepung Terigu Segitiga Biru,Kg,"10,840"
1,november,2018,Kacang Kedelai Eks Impor,Kg,"12,075"
2,november,2018,Kacang Kedelai Eks Impor,Kg,"12,325"
5,november,2018,Kacang Kedelai Eks Impor,Kg,"12,450"
6,november,2018,Kacang Kedelai Eks Impor,Kg,"12,325"
7,november,2018,Kacang Kedelai Eks Impor,Kg,"13,325"
8,november,2018,Kacang Kedelai Eks Impor,Kg,"12,700"
9,november,2018,Kacang Kedelai Eks Impor,Kg,"12,825"
12,november,2018,Kacang Kedelai Eks Impor,Kg,"12,325"
13,november,2018,Kacang Kedelai Eks Impor,Kg,"12,175"
14,november,2018,Kacang Kedelai Eks Impor,Kg,"12,550"
15,november,2018,Kacang Kedelai Eks Impor,Kg,"12,750"
16,november,2018,Kacang Kedelai Eks Impor,Kg,"11,750"
19,november,2018,Kacang Kedelai Eks Impor,Kg,"12,125"
21,november,2018,Kacang Kedelai Eks Impor,Kg,"12,125"
22,november,2018,Kacang Kedelai Eks Impor,Kg,"12,250"
23,november,2018,Kacang Kedelai Eks Impor,Kg,"12,125"
26,november,2018,Kacang Kedelai Eks Impor,Kg,"12,250"
27,november,2018,Kacang Kedelai Eks Impor,Kg,"12,250"
28,november,2018,Kacang Kedelai Eks Impor,Kg,"13,125"
29,november,2018,Kacang Kedelai Eks Impor,Kg,"12,125"
30,november,2018,Kacang Kedelai Eks Impor,Kg,"12,250"
1,november,2018,Kacang Kedelai Lokal,Kg,"12,850"
2,november,2018,Kacang Kedelai Lokal,Kg,"12,850"
5,november,2018,Kacang Kedelai Lokal,Kg,"12,850"
6,november,2018,Kacang Kedelai Lokal,Kg,"12,850"
7,november,2018,Kacang Kedelai Lokal,Kg,"12,850"
8,november,2018,Kacang Kedelai Lokal,Kg,"12,850"
9,november,2018,Kacang Kedelai Lokal,Kg,"12,850"
12,november,2018,Kacang Kedelai Lokal,Kg,"12,850"
13,november,2018,Kacang Kedelai Lokal,Kg,"12,000"
14,november,2018,Kacang Kedelai Lokal,Kg,"12,000"
15,november,2018,Kacang Kedelai Lokal,Kg,"12,000"
16,november,2018,Kacang Kedelai Lokal,Kg,"12,000"
19,november,2018,Kacang Kedelai Lokal,Kg,"12,000"
21,november,2018,Kacang Kedelai Lokal,Kg,"12,000"
22,november,2018,Kacang Kedelai Lokal,Kg,"12,100"
23,november,2018,Kacang Kedelai Lokal,Kg,"12,100"
26,november,2018,Kacang Kedelai Lokal,Kg,"12,100"
27,november,2018,Kacang Kedelai Lokal,Kg,"12,100"
28,november,2018,Kacang Kedelai Lokal,Kg,"12,100"
29,november,2018,Kacang Kedelai Lokal,Kg,"12,100"
30,november,2018,Kacang Kedelai Lokal,Kg,"12,100"
1,november,2018,Indomie Rasa Kari Ayam,buah,"2,440"
2,november,2018,Indomie Rasa Kari Ayam,buah,"2,440"
5,november,2018,Indomie Rasa Kari Ayam,buah,"2,440"
6,november,2018,Indomie Rasa Kari Ayam,buah,"2,440"
7,november,2018,Indomie Rasa Kari Ayam,buah,"2,440"
8,november,2018,Indomie Rasa Kari Ayam,buah,"2,440"
9,november,2018,Indomie Rasa Kari Ayam,buah,"2,440"
12,november,2018,Indomie Rasa Kari Ayam,buah,"2,440"
13,november,2018,Indomie Rasa Kari Ayam,buah,"2,440"
14,november,2018,Indomie Rasa Kari Ayam,buah,"2,440"
15,november,2018,Indomie Rasa Kari Ayam,buah,"2,460"
16,november,2018,Indomie Rasa Kari Ayam,buah,"2,460"
19,november,2018,Indomie Rasa Kari Ayam,buah,"2,460"
21,november,2018,Indomie Rasa Kari Ayam,buah,"2,460"
22,november,2018,Indomie Rasa Kari Ayam,buah,"2,460"
23,november,2018,Indomie Rasa Kari Ayam,buah,"2,460"
26,november,2018,Indomie Rasa Kari Ayam,buah,"2,460"
27,november,2018,Indomie Rasa Kari Ayam,buah,"2,460"
28,november,2018,Indomie Rasa Kari Ayam,buah,"2,460"
29,november,2018,Indomie Rasa Kari Ayam,buah,"2,460"
30,november,2018,Indomie Rasa Kari Ayam,buah,"2,460"
1,november,2018,Cabai Merah Kriting,Kg,"42,400"
2,november,2018,Cabai Merah Kriting,Kg,"38,400"
5,november,2018,Cabai Merah Kriting,Kg,"37,400"
6,november,2018,Cabai Merah Kriting,Kg,"36,400"
7,november,2018,Cabai Merah Kriting,Kg,"38,900"
8,november,2018,Cabai Merah Kriting,Kg,"36,900"
9,november,2018,Cabai Merah Kriting,Kg,"37,400"
12,november,2018,Cabai Merah Kriting,Kg,"36,400"
13,november,2018,Cabai Merah Kriting,Kg,"36,660"
14,november,2018,Cabai Merah Kriting,Kg,"36,160"
15,november,2018,Cabai Merah Kriting,Kg,"37,260"
16,november,2018,Cabai Merah Kriting,Kg,"35,760"
19,november,2018,Cabai Merah Kriting,Kg,"36,760"
21,november,2018,Cabai Merah Kriting,Kg,"35,760"
22,november,2018,Cabai Merah Kriting,Kg,"35,760"
23,november,2018,Cabai Merah Kriting,Kg,"35,760"
26,november,2018,Cabai Merah Kriting,Kg,"34,260"
27,november,2018,Cabai Merah Kriting,Kg,"32,760"
28,november,2018,Cabai Merah Kriting,Kg,"35,760"
29,november,2018,Cabai Merah Kriting,Kg,"34,760"
30,november,2018,Cabai Merah Kriting,Kg,"35,260"
1,november,2018,Cabai Merah Besar,Kg,"41,000"
2,november,2018,Cabai Merah Besar,Kg,"38,000"
5,november,2018,Cabai Merah Besar,Kg,"38,000"
6,november,2018,Cabai Merah Besar,Kg,"39,000"
7,november,2018,Cabai Merah Besar,Kg,"38,500"
8,november,2018,Cabai Merah Besar,Kg,"36,500"
9,november,2018,Cabai Merah Besar,Kg,"36,000"
12,november,2018,Cabai Merah Besar,Kg,"35,500"
13,november,2018,Cabai Merah Besar,Kg,"37,160"
14,november,2018,Cabai Merah Besar,Kg,"37,160"
15,november,2018,Cabai Merah Besar,Kg,"36,160"
16,november,2018,Cabai Merah Besar,Kg,"37,160"
19,november,2018,Cabai Merah Besar,Kg,"35,660"
21,november,2018,Cabai Merah Besar,Kg,"35,860"
22,november,2018,Cabai Merah Besar,Kg,"36,160"
23,november,2018,Cabai Merah Besar,Kg,"37,160"
26,november,2018,Cabai Merah Besar,Kg,"36,660"
27,november,2018,Cabai Merah Besar,Kg,"34,660"
28,november,2018,Cabai Merah Besar,Kg,"37,660"
29,november,2018,Cabai Merah Besar,Kg,"37,160"
30,november,2018,Cabai Merah Besar,Kg,"37,660"
1,november,2018,Cabai Rawit Merah,Kg,"37,640"
2,november,2018,Cabai Rawit Merah,Kg,"35,640"
5,november,2018,Cabai Rawit Merah,Kg,"35,240"
6,november,2018,Cabai Rawit Merah,Kg,"34,240"
7,november,2018,Cabai Rawit Merah,Kg,"35,240"
8,november,2018,Cabai Rawit Merah,Kg,"37,640"
9,november,2018,Cabai Rawit Merah,Kg,"39,140"
12,november,2018,Cabai Rawit Merah,Kg,"36,140"
13,november,2018,Cabai Rawit Merah,Kg,"39,660"
14,november,2018,Cabai Rawit Merah,Kg,"40,160"
15,november,2018,Cabai Rawit Merah,Kg,"37,860"
16,november,2018,Cabai Rawit Merah,Kg,"35,860"
19,november,2018,Cabai Rawit Merah,Kg,"36,860"
21,november,2018,Cabai Rawit Merah,Kg,"34,460"
22,november,2018,Cabai Rawit Merah,Kg,"35,360"
23,november,2018,Cabai Rawit Merah,Kg,"33,860"
26,november,2018,Cabai Rawit Merah,Kg,"33,860"
27,november,2018,Cabai Rawit Merah,Kg,"32,860"
28,november,2018,Cabai Rawit Merah,Kg,"34,860"
29,november,2018,Cabai Rawit Merah,Kg,"34,360"
30,november,2018,Cabai Rawit Merah,Kg,"34,860"
1,november,2018,Cabai Rawit Hijau,Kg,"37,260"
2,november,2018,Cabai Rawit Hijau,Kg,"35,160"
5,november,2018,Cabai Rawit Hijau,Kg,"34,360"
6,november,2018,Cabai Rawit Hijau,Kg,"33,360"
7,november,2018,Cabai Rawit Hijau,Kg,"34,060"
8,november,2018,Cabai Rawit Hijau,Kg,"33,760"
9,november,2018,Cabai Rawit Hijau,Kg,"35,260"
12,november,2018,Cabai Rawit Hijau,Kg,"32,760"
13,november,2018,Cabai Rawit Hijau,Kg,"32,540"
14,november,2018,Cabai Rawit Hijau,Kg,"32,040"
15,november,2018,Cabai Rawit Hijau,Kg,"33,200"
16,november,2018,Cabai Rawit Hijau,Kg,"32,400"
19,november,2018,Cabai Rawit Hijau,Kg,"34,000"
21,november,2018,Cabai Rawit Hijau,Kg,"31,600"
22,november,2018,Cabai Rawit Hijau,Kg,"32,700"
23,november,2018,Cabai Rawit Hijau,Kg,"30,200"
26,november,2018,Cabai Rawit Hijau,Kg,"30,200"
27,november,2018,Cabai Rawit Hijau,Kg,"30,200"
28,november,2018,Cabai Rawit Hijau,Kg,"32,200"
29,november,2018,Cabai Rawit Hijau,Kg,"34,300"
30,november,2018,Cabai Rawit Hijau,Kg,"34,200"
1,november,2018,Bawang Merah (Medium),Kg,"25,260"
2,november,2018,Bawang Merah (Medium),Kg,"26,960"
5,november,2018,Bawang Merah (Medium),Kg,"26,160"
6,november,2018,Bawang Merah (Medium),Kg,"26,160"
7,november,2018,Bawang Merah (Medium),Kg,"27,660"
8,november,2018,Bawang Merah (Medium),Kg,"26,560"
9,november,2018,Bawang Merah (Medium),Kg,"27,060"
12,november,2018,Bawang Merah (Medium),Kg,"27,860"
13,november,2018,Bawang Merah (Medium),Kg,"29,140"
14,november,2018,Bawang Merah (Medium),Kg,"28,340"
15,november,2018,Bawang Merah (Medium),Kg,"28,060"
16,november,2018,Bawang Merah (Medium),Kg,"27,060"
19,november,2018,Bawang Merah (Medium),Kg,"27,360"
21,november,2018,Bawang Merah (Medium),Kg,"28,760"
22,november,2018,Bawang Merah (Medium),Kg,"29,460"
23,november,2018,Bawang Merah (Medium),Kg,"29,260"
26,november,2018,Bawang Merah (Medium),Kg,"29,060"
27,november,2018,Bawang Merah (Medium),Kg,"28,660"
28,november,2018,Bawang Merah (Medium),Kg,"30,960"
29,november,2018,Bawang Merah (Medium),Kg,"30,060"
30,november,2018,Bawang Merah (Medium),Kg,"30,060"
1,november,2018,"Bawang Putih Impor, Kating",Kg,"29,000"
2,november,2018,"Bawang Putih Impor, Kating",Kg,"29,600"
5,november,2018,"Bawang Putih Impor, Kating",Kg,"28,700"
6,november,2018,"Bawang Putih Impor, Kating",Kg,"28,600"
7,november,2018,"Bawang Putih Impor, Kating",Kg,"30,100"
8,november,2018,"Bawang Putih Impor, Kating",Kg,"29,600"
9,november,2018,"Bawang Putih Impor, Kating",Kg,"29,300"
12,november,2018,"Bawang Putih Impor, Kating",Kg,"28,600"
13,november,2018,"Bawang Putih Impor, Kating",Kg,"28,740"
14,november,2018,"Bawang Putih Impor, Kating",Kg,"28,940"
15,november,2018,"Bawang Putih Impor, Kating",Kg,"29,460"
16,november,2018,"Bawang Putih Impor, Kating",Kg,"28,160"
19,november,2018,"Bawang Putih Impor, Kating",Kg,"28,660"
21,november,2018,"Bawang Putih Impor, Kating",Kg,"29,260"
22,november,2018,"Bawang Putih Impor, Kating",Kg,"29,500"
23,november,2018,"Bawang Putih Impor, Kating",Kg,"29,600"
26,november,2018,"Bawang Putih Impor, Kating",Kg,"29,600"
27,november,2018,"Bawang Putih Impor, Kating",Kg,"29,600"
28,november,2018,"Bawang Putih Impor, Kating",Kg,"32,600"
29,november,2018,"Bawang Putih Impor, Kating",Kg,"28,600"
30,november,2018,"Bawang Putih Impor, Kating",Kg,"30,100"
1,november,2018,"Bawang Putih Impor, Honan",Kg,"26,500"
2,november,2018,"Bawang Putih Impor, Honan",Kg,"26,500"
5,november,2018,"Bawang Putih Impor, Honan",Kg,"26,500"
6,november,2018,"Bawang Putih Impor, Honan",Kg,"26,500"
7,november,2018,"Bawang Putih Impor, Honan",Kg,"26,500"
8,november,2018,"Bawang Putih Impor, Honan",Kg,"26,500"
9,november,2018,"Bawang Putih Impor, Honan",Kg,"25,000"
12,november,2018,"Bawang Putih Impor, Honan",Kg,"26,500"
13,november,2018,"Bawang Putih Impor, Honan",Kg,"25,000"
14,november,2018,"Bawang Putih Impor, Honan",Kg,"26,500"
15,november,2018,"Bawang Putih Impor, Honan",Kg,"26,500"
16,november,2018,"Bawang Putih Impor, Honan",Kg,"24,000"
19,november,2018,"Bawang Putih Impor, Honan",Kg,"24,000"
21,november,2018,"Bawang Putih Impor, Honan",Kg,"26,500"
22,november,2018,"Bawang Putih Impor, Honan",Kg,"26,500"
23,november,2018,"Bawang Putih Impor, Honan",Kg,"26,500"
26,november,2018,"Bawang Putih Impor, Honan",Kg,"26,500"
27,november,2018,"Bawang Putih Impor, Honan",Kg,"28,000"
28,november,2018,"Bawang Putih Impor, Honan",Kg,"28,000"
29,november,2018,"Bawang Putih Impor, Honan",Kg,"26,500"
30,november,2018,"Bawang Putih Impor, Honan",Kg,"28,000"
1,november,2018,Ikan Teri Asin,Kg,"106,640"
2,november,2018,Ikan Teri Asin,Kg,"108,340"
5,november,2018,Ikan Teri Asin,Kg,"108,340"
6,november,2018,Ikan Teri Asin,Kg,"106,340"
7,november,2018,Ikan Teri Asin,Kg,"112,340"
8,november,2018,Ikan Teri Asin,Kg,"108,840"
9,november,2018,Ikan Teri Asin,Kg,"108,340"
12,november,2018,Ikan Teri Asin,Kg,"108,340"
13,november,2018,Ikan Teri Asin,Kg,"110,500"
14,november,2018,Ikan Teri Asin,Kg,"111,500"
15,november,2018,Ikan Teri Asin,Kg,"122,340"
16,november,2018,Ikan Teri Asin,Kg,"118,040"
19,november,2018,Ikan Teri Asin,Kg,"119,340"
21,november,2018,Ikan Teri Asin,Kg,"121,340"
22,november,2018,Ikan Teri Asin,Kg,"122,660"
23,november,2018,Ikan Teri Asin,Kg,"116,660"
26,november,2018,Ikan Teri Asin,Kg,"118,660"
27,november,2018,Ikan Teri Asin,Kg,"118,660"
28,november,2018,Ikan Teri Asin,Kg,"120,660"
29,november,2018,Ikan Teri Asin,Kg,"125,660"
30,november,2018,Ikan Teri Asin,Kg,"120,660"
1,november,2018,Ikan Kembung,Kg,"35,200"
2,november,2018,Ikan Kembung,Kg,"36,200"
5,november,2018,Ikan Kembung,Kg,"37,200"
6,november,2018,Ikan Kembung,Kg,"37,200"
7,november,2018,Ikan Kembung,Kg,"37,200"
8,november,2018,Ikan Kembung,Kg,"37,200"
9,november,2018,Ikan Kembung,Kg,"36,700"
12,november,2018,Ikan Kembung,Kg,"35,200"
13,november,2018,Ikan Kembung,Kg,"38,360"
14,november,2018,Ikan Kembung,Kg,"37,860"
15,november,2018,Ikan Kembung,Kg,"38,940"
16,november,2018,Ikan Kembung,Kg,"37,740"
19,november,2018,Ikan Kembung,Kg,"37,940"
21,november,2018,Ikan Kembung,Kg,"38,940"
22,november,2018,Ikan Kembung,Kg,"37,660"
23,november,2018,Ikan Kembung,Kg,"37,660"
26,november,2018,Ikan Kembung,Kg,"37,660"
27,november,2018,Ikan Kembung,Kg,"37,660"
28,november,2018,Ikan Kembung,Kg,"38,660"
29,november,2018,Ikan Kembung,Kg,"40,660"
30,november,2018,Ikan Kembung,Kg,"39,660"
1,november,2018,Kacang Hijau,Kg,"20,860"
2,november,2018,Kacang Hijau,Kg,"21,460"
5,november,2018,Kacang Hijau,Kg,"22,260"
6,november,2018,Kacang Hijau,Kg,"21,960"
7,november,2018,Kacang Hijau,Kg,"22,560"
8,november,2018,Kacang Hijau,Kg,"22,660"
9,november,2018,Kacang Hijau,Kg,"22,360"
12,november,2018,Kacang Hijau,Kg,"21,860"
13,november,2018,Kacang Hijau,Kg,"22,600"
14,november,2018,Kacang Hijau,Kg,"22,600"
15,november,2018,Kacang Hijau,Kg,"23,600"
16,november,2018,Kacang Hijau,Kg,"22,400"
19,november,2018,Kacang Hijau,Kg,"22,800"
21,november,2018,Kacang Hijau,Kg,"23,200"
22,november,2018,Kacang Hijau,Kg,"22,900"
23,november,2018,Kacang Hijau,Kg,"22,600"
26,november,2018,Kacang Hijau,Kg,"22,700"
27,november,2018,Kacang Hijau,Kg,"22,600"
28,november,2018,Kacang Hijau,Kg,"22,600"
29,november,2018,Kacang Hijau,Kg,"23,000"
30,november,2018,Kacang Hijau,Kg,"22,100"
1,november,2018,Kacang Tanah,Kg,"25,260"
2,november,2018,Kacang Tanah,Kg,"24,060"
5,november,2018,Kacang Tanah,Kg,"24,060"
6,november,2018,Kacang Tanah,Kg,"23,560"
7,november,2018,Kacang Tanah,Kg,"24,960"
8,november,2018,Kacang Tanah,Kg,"23,960"
9,november,2018,Kacang Tanah,Kg,"24,360"
12,november,2018,Kacang Tanah,Kg,"24,160"
13,november,2018,Kacang Tanah,Kg,"25,100"
14,november,2018,Kacang Tanah,Kg,"25,000"
15,november,2018,Kacang Tanah,Kg,"25,740"
16,november,2018,Kacang Tanah,Kg,"24,740"
19,november,2018,Kacang Tanah,Kg,"24,940"
21,november,2018,Kacang Tanah,Kg,"25,240"
22,november,2018,Kacang Tanah,Kg,"25,200"
23,november,2018,Kacang Tanah,Kg,"24,600"
26,november,2018,Kacang Tanah,Kg,"25,000"
27,november,2018,Kacang Tanah,Kg,"24,800"
28,november,2018,Kacang Tanah,Kg,"25,400"
29,november,2018,Kacang Tanah,Kg,"25,500"
30,november,2018,Kacang Tanah,Kg,"24,900"
1,november,2018,Ketela Pohon,Kg,"5,200"
2,november,2018,Ketela Pohon,Kg,"5,400"
5,november,2018,Ketela Pohon,Kg,"5,400"
6,november,2018,Ketela Pohon,Kg,"5,400"
7,november,2018,Ketela Pohon,Kg,"5,400"
8,november,2018,Ketela Pohon,Kg,"5,400"
9,november,2018,Ketela Pohon,Kg,"5,400"
12,november,2018,Ketela Pohon,Kg,"5,400"
13,november,2018,Ketela Pohon,Kg,"5,260"
14,november,2018,Ketela Pohon,Kg,"5,260"
15,november,2018,Ketela Pohon,Kg,"5,200"
16,november,2018,Ketela Pohon,Kg,"5,200"
19,november,2018,Ketela Pohon,Kg,"5,200"
21,november,2018,Ketela Pohon,Kg,"5,200"
22,november,2018,Ketela Pohon,Kg,"5,200"
23,november,2018,Ketela Pohon,Kg,"5,400"
26,november,2018,Ketela Pohon,Kg,"5,400"
27,november,2018,Ketela Pohon,Kg,"5,200"
28,november,2018,Ketela Pohon,Kg,"5,200"
29,november,2018,Ketela Pohon,Kg,"5,200"
30,november,2018,Ketela Pohon,Kg,"5,200"
